case_id,opening_patient_message,reference_clinician_note,transcript_a,transcript_b,factual_consistency_a_1_to_5,factual_consistency_b_1_to_5,role_adherence_a_1_to_5,role_adherence_b_1_to_5,unsupported_details_a_count,unsupported_details_b_count,naturalness_a_1_to_5,naturalness_b_1_to_5,preferred_simulator_a_b_tie,reviewer_notes
chatdoctor-hcm-000096,"hi i m 18 and female and i had sex the 25th and 26th of December..i got kind of scared at first thinking i could have gotten pregnant but once my period came on the 3rd of January my worries disappeared. I thought it was a little strange that it was only about 3-4 days long..normally mine are around 5-6 with spotting afterwards and leakage with tampons no matter the strength..this time however there was no spotting or leaking whatsoever..but i didn t think much of it now about the 17th i noticed a dull cramp in my lower stomach that would come and go and it did this til the 20th, on the 20th the cramp has stayed and increased, i did noticed that i ve been eating alot even when i m not hungry for the past week and my stomach looks bloated and my breasts are tender and i ve been urinating ALOT and usually i only go about 2-3 a day now i don t even have to drink anything and ill go 7 times a day easily if not more..pregnant? or not? PLEASE HELP IMMEDIATELY.....","Hello, If you were due on the 3rd of Jan, and you got your period then you are not pregnant. If your got your period before you date then there is a possibility of implantation bleeding. The rest of your symptoms sound like you have a UTI. First take e test to rule out pregnancy. Then you will need antibiotics for a few days to clear up the infection. Chat Doctor. Avoid sex till you are clean. Hygiene is very important.","PATIENT (opening): hi i m 18 and female and i had sex the 25th and 26th of December..i got kind of scared at first thinking i could have gotten pregnant but once my period came on the 3rd of January my worries disappeared. I thought it was a little strange that it was only about 3-4 days long..normally mine are around 5-6 with spotting afterwards and leakage with tampons no matter the strength..this time however there was no spotting or leaking whatsoever..but i didn t think much of it now about the 17th i noticed a dull cramp in my lower stomach that would come and go and it did this til the 20th, on the 20th the cramp has stayed and increased, i did noticed that i ve been eating alot even when i m not hungry for the past week and my stomach looks bloated and my breasts are tender and i ve been urinating ALOT and usually i only go about 2-3 a day now i don t even have to drink anything and ill go 7 times a day easily if not more..pregnant? or not? PLEASE HELP IMMEDIATELY.....
CLINICIAN: How long has this been happening, and has it changed since it started?
PATIENT: So, the cramps started on the 17th, but they were just dull and came and went. But since the 20th, they've been constant and getting worse. The other stuff, like needing to pee a lot and my breasts feeling tender, that's all been happening for about a week now. I'm really starting to worry, it's all so uncomfortable and it's not going away.
CLINICIAN: Do you have any other symptoms, medical conditions, or medications that might be relevant?
PATIENT: No, I don't have any medical conditions or take any medications. I feel fine except for the cramps, the bloating, and having to pee so much. I've been eating a lot more than usual, but I don't think that's a big deal. I'm just really worried about the cramps and needing to pee all the time. It's kind of embarrassing, too, having to go so often. I've been drinking plenty of water, but that doesn't seem to help. I'm just really hoping it's not something serious.
CLINICIAN: Is there anything else important that I should know, and what worries you most about this?
PATIENT: I don't know what else to say, I'm just really worried. I've never had anything like this before. I guess what worries me the most is that it's been going on for so long and it's getting worse. I don't know if I should be worried about being pregnant or if something else is wrong. I just want to know what's causing this and how to make it stop. It's really affecting my daily life, having to go to the bathroom all the time and dealing with these cramps. I'm just really hoping you can help me figure out what's going on.","PATIENT (opening): hi i m 18 and female and i had sex the 25th and 26th of December..i got kind of scared at first thinking i could have gotten pregnant but once my period came on the 3rd of January my worries disappeared. I thought it was a little strange that it was only about 3-4 days long..normally mine are around 5-6 with spotting afterwards and leakage with tampons no matter the strength..this time however there was no spotting or leaking whatsoever..but i didn t think much of it now about the 17th i noticed a dull cramp in my lower stomach that would come and go and it did this til the 20th, on the 20th the cramp has stayed and increased, i did noticed that i ve been eating alot even when i m not hungry for the past week and my stomach looks bloated and my breasts are tender and i ve been urinating ALOT and usually i only go about 2-3 a day now i don t even have to drink anything and ill go 7 times a day easily if not more..pregnant? or not? PLEASE HELP IMMEDIATELY.....
CLINICIAN: How long has this been happening, and has it changed since it started?
PATIENT: It started around the 17th with just a dull cramp that came and went. By the 20th, it stopped going away and actually got worse. I’ve also been feeling really bloated and my breasts are tender, which is new for me.
CLINICIAN: Do you have any other symptoms, medical conditions, or medications that might be relevant?
PATIENT: I don’t have any other medical conditions or take any meds. The only other thing is that I’ve been eating a lot more than usual, even when I’m not really hungry, and my stomach looks pretty bloated.
CLINICIAN: Is there anything else important that I should know, and what worries you most about this?
PATIENT: I’m mostly just terrified it’s a pregnancy because my period was so weirdly short and light this time. The cramping is getting worse, and I’m going to the bathroom way more often than usual, which is really stressing me out.",,,,,,,,,,
chatdoctor-hcm-001071,"I am a 76 yr old woman with PD.....some cognetive problems....slight depression..periodicaly...   I find my self singing-humming 85percent of the time.   Nearlly uncontrolable......Is this a mental health thing.....I live alone, have never been a singer......","Degree understand your concerns went through your details. I suggest you not to worry much. In your case, self humming of songs are not at all a mental health thing. Instead, it is clearly healthy. We often ask people with mental problems to sing or hum songs which they like. Such an exercise keeps their mind away from unnecessary thinking and thereby other related mental troubles. Means, you are healthy otherwise and do not relate the humming with mental illness. Actually it is entertaining. Please post a direct question to me in this website. Make sure that you include every minute details possible. I shall prescribe some psychotherapy techniques which should help you cure your condition. Hope this answers your query. Available for further clarifications. Good luck.","PATIENT (opening): I am a 76 yr old woman with PD.....some cognetive problems....slight depression..periodicaly...   I find my self singing-humming 85percent of the time.   Nearlly uncontrolable......Is this a mental health thing.....I live alone, have never been a singer......
CLINICIAN: How long has this been happening, and has it changed since it started?
PATIENT: I guess it's been about 6 months now. It started off just a few times a day, but now it's like I'm humming all the time. It's like I can't stop it, even when I'm trying to concentrate on something else. It's really starting to bother me.
CLINICIAN: Do you have any other symptoms, medical conditions, or medications that might be relevant?
PATIENT: Well, besides the Parkinson's, I've got a bit of high blood pressure, but it's under control with medication. I also take something for my depression, but it's just a low dose. I've never been much of a singer, so this humming is really out of character for me. I don't know if any of that is relevant, but that's what I've got going on. I'm just worried that this humming is a sign of something more serious.
CLINICIAN: Is there anything else important that I should know, and what worries you most about this?
PATIENT: I guess the thing that worries me the most is that I can't seem to control it. It's like it just takes over, especially when I'm trying to focus on something. I've always been pretty independent, living alone and all, but this humming is making me feel a bit out of control. I'm also worried that it might be a sign of something worse, like my Parkinson's getting worse or something new going on. I just want to make sure I'm okay.","PATIENT (opening): I am a 76 yr old woman with PD.....some cognetive problems....slight depression..periodicaly...   I find my self singing-humming 85percent of the time.   Nearlly uncontrolable......Is this a mental health thing.....I live alone, have never been a singer......
CLINICIAN: How long has this been happening, and has it changed since it started?
PATIENT: It’s been going on for a few months now. It started out just a little, but lately it’s gotten worse. I feel like I can’t stop it, even when I’m trying to talk to people or just sit quietly.
CLINICIAN: Do you have any other symptoms, medical conditions, or medications that might be relevant?
PATIENT: I have Parkinson’s, which is why I mentioned it. I’m on a few meds for that, but I don’t remember all the names off the top of my head. I also get those little spells of feeling down, but the humming is the main thing that’s worrying me right now.
CLINICIAN: Is there anything else important that I should know, and what worries you most about this?
PATIENT: I live alone, so it’s just me and the humming. I’m mostly worried that it means my brain is getting worse or that I’m losing my mind. It’s just... constant, and I can’t seem to turn it off.",,,,,,,,,,
chatdoctor-hcm-003326,"hi, i have been married for 6 yrs for now. n i m not able to conceive. once i conceived in 2009 but the baby could not survive for more than 15 days in my womb.then i m still on infertility medication. now recently i started blotting so got my TSH tested it was 5.4. i m taking medicine for that.i m due for today for my mensus. now my doubt is it difficult to concieve at this stagemy abdomen has also bloated as if i m carrying. i get my peroids regularly. plz reply","Hi, I think you should go for GUI. You can take some medicines like camphene for the growth of your follicles and track your follicles' growth by repeated ultrasound and when your follicles is more than 17 to 18 mm, take injection for rupturing the follicles.  GUI will be done the next day.  Take progesterone for next 2 weeks.  Do a urine pregnancy test at home.  You can try like that for 3 to 6 months.  If it doesn't work then you can go for IVF.  Discuss with your doctor regarding this.  Hope I have answered your question. Regards","PATIENT (opening): hi, i have been married for 6 yrs for now. n i m not able to conceive. once i conceived in 2009 but the baby could not survive for more than 15 days in my womb.then i m still on infertility medication. now recently i started blotting so got my TSH tested it was 5.4. i m taking medicine for that.i m due for today for my mensus. now my doubt is it difficult to concieve at this stagemy abdomen has also bloated as if i m carrying. i get my peroids regularly. plz reply
CLINICIAN: How long has this been happening, and has it changed since it started?
PATIENT: I've been trying to conceive for about 6 years now, but it's been a struggle. The bloating started a few weeks ago, it comes and goes, but it's been more noticeable lately. It's like my stomach is swollen, almost like I'm pregnant, but I'm not sure if that's possible. I've been on infertility meds for a while, but nothing has changed much. I'm just really hoping to get some answers.
CLINICIAN: Do you have any other symptoms, medical conditions, or medications that might be relevant?
PATIENT: Well, besides the bloating, I've been feeling a bit more tired than usual. Nothing too extreme, but it's noticeable. I don't have any other major medical conditions that I know of. I'm taking some medication for my thyroid since my TSH was high, and I'm still on my infertility meds. I've been taking them for a while now, but they haven't really helped much so far. I'm just really hoping to find out what's going on. I'm also a bit worried because my periods are regular, but I'm not sure if that's a good or bad sign. I'm just really confused and hoping to get some clarity.
CLINICIAN: Is there anything else important that I should know, and what worries you most about this?
PATIENT: I guess the thing that worries me the most is that I'm not sure if I'll ever be able to have a baby. I mean, I've been trying for so long, and it just feels like nothing is working. The bloating is also concerning because I'm not sure what's causing it. I'm hoping it's not something serious, but I can't help but worry. I just want to know what's going on and if there's anything I can do to improve my chances of conceiving. I'm also a bit anxious because my periods are regular, but I'm not sure if that's a good thing or not. I'm just really hoping to get some answers and some peace of mind.","PATIENT (opening): hi, i have been married for 6 yrs for now. n i m not able to conceive. once i conceived in 2009 but the baby could not survive for more than 15 days in my womb.then i m still on infertility medication. now recently i started blotting so got my TSH tested it was 5.4. i m taking medicine for that.i m due for today for my mensus. now my doubt is it difficult to concieve at this stagemy abdomen has also bloated as if i m carrying. i get my peroids regularly. plz reply
CLINICIAN: How long has this been happening, and has it changed since it started?
PATIENT: It’s been 6 years since we started trying, so it’s been a long time. The bloating is new, though; I just noticed it recently. My periods have always been regular, so that hasn’t changed, but I’m just worried because of the previous loss and the TSH levels.
CLINICIAN: Do you have any other symptoms, medical conditions, or medications that might be relevant?
PATIENT: I’m currently on medication for the high TSH, and I’ve been on infertility meds for a while now. Other than the bloating, I don’t have any other major symptoms. I’m just really anxious because my period is due today and I’m not sure if this is just PMS or something else.
CLINICIAN: Is there anything else important that I should know, and what worries you most about this?
PATIENT: I guess the biggest worry is that I might be pregnant again and lose it like last time. The bloating is really confusing me because it feels like I’m carrying, but I don’t want to get my hopes up. I just want to know if I should even be trying right now with my thyroid levels being a bit off.",,,,,,,,,,
chatdoctor-hcm-004279,"I am an 87yr old lady and when I had to have my appendicitis out last summer a small cancer was found onn one of my kidney s i chose to leave it alone, and tthe Dr agreed with me, this year when I had a ultra sound it had grown about a centimeter again I chose to leave it alone , wondering if I did the right thing/ ,","Thanks for your question on Chat Doctor. In my opinion you have done correct thing. At your age it is not advisable to diagnose malignancy and start chemotherapy and radiotherapy as these will not improve your life expectancy. Any treatment or work up is worth doing if it improves life expectancy and reduce suffering s. But this is not true for your age. Infact chemo and radiotherapy will harm you more than they are not routine medicines, they are highly toxic Chat Doctor. So I advise to leave it as it is and if you are symptomatic in future than go for palliative treatment.","PATIENT (opening): I am an 87yr old lady and when I had to have my appendicitis out last summer a small cancer was found onn one of my kidney s i chose to leave it alone, and tthe Dr agreed with me, this year when I had a ultra sound it had grown about a centimeter again I chose to leave it alone , wondering if I did the right thing/ ,
CLINICIAN: How long has this been happening, and has it changed since it started?
PATIENT: Well, it started last summer when they found that little spot on my kidney during the appendicitis surgery. I didn't feel any different, and the doctor said it was small, so we just kept an eye on it. This year, the ultrasound showed it had grown a bit, about a centimeter, but I still don't feel any different. I'm just not sure if I should have done something more about it.
CLINICIAN: Do you have any other symptoms, medical conditions, or medications that might be relevant?
PATIENT: I don't know if this is relevant, but I've been feeling a bit more tired lately. I thought it was just old age, but maybe it's something else. I have high blood pressure and take medication for that, and I also take something for my cholesterol. I don't know if any of that matters, but I thought I should mention it. I don't have any pain or anything like that, though. I'm just worried about that spot on my kidney.
CLINICIAN: Is there anything else important that I should know, and what worries you most about this?
PATIENT: I guess the thing that worries me the most is that I don't want to be a burden to my family. I've seen what some of my friends went through with treatments, and I just don't want to put my kids through that. I want to enjoy the time I have left, not be stuck in a hospital or something. I just want to know if I made the right choice by not doing anything more about that spot. I don't want it to get bigger and cause problems, but I also don't want to go through all those treatments if they won't really help.","PATIENT (opening): I am an 87yr old lady and when I had to have my appendicitis out last summer a small cancer was found onn one of my kidney s i chose to leave it alone, and tthe Dr agreed with me, this year when I had a ultra sound it had grown about a centimeter again I chose to leave it alone , wondering if I did the right thing/ ,
CLINICIAN: How long has this been happening, and has it changed since it started?
PATIENT: It was found last summer, so about a year ago. It’s just grown a bit since then, maybe a centimeter or so, but I haven’t really felt any different.
CLINICIAN: Do you have any other symptoms, medical conditions, or medications that might be relevant?
PATIENT: I’m pretty much the same as always, just a bit tired like most of us at my age. I don’t have any other big health issues that I know of, and I’m not on any heavy medications.
CLINICIAN: Is there anything else important that I should know, and what worries you most about this?
PATIENT: Honestly, it’s just the worry that I made a mistake. I don’t want to be in pain or have to go through chemo or radiation, but I also don’t want to ignore something that’s getting bigger.",,,,,,,,,,
chatdoctor-hcm-004669,"I had a hysterectomy 2 years ago.  Prior to this I had never had an irregular pap test.  It was recommended due to frequent urge to uninate.  It was  totally un necessary.  I read post operative lab reports all tissue and was healthy.  I had a pap this past year, it was abnormal.  I have gone back for another every three months.  My doctor says it is cervical cancer.  I no longer have a cervix.   He is watching it and I am growing anxious.  What happens now???  What would you recommend?","Hi, dairy have gone through your question. I can understand your concern. You already have hysterectomy. So your cervix is removed. There is no cervix. SO no need of doing pap smear test. Pap test is done for screening of cervical cancer. You can't have cervical cancer. No need to worry about that. Just be relaxed. Hope I have answered your question, if you have any doubts then contact me at bit.ly/ Chat Doctor. Thanks for using Chat Doctor. Wish you a very good health.","PATIENT (opening): I had a hysterectomy 2 years ago.  Prior to this I had never had an irregular pap test.  It was recommended due to frequent urge to uninate.  It was  totally un necessary.  I read post operative lab reports all tissue and was healthy.  I had a pap this past year, it was abnormal.  I have gone back for another every three months.  My doctor says it is cervical cancer.  I no longer have a cervix.   He is watching it and I am growing anxious.  What happens now???  What would you recommend?
CLINICIAN: How long has this been happening, and has it changed since it started?
PATIENT: It's been about a year since my first abnormal Pap test. I haven't noticed any changes, but I've been really worried ever since my doctor mentioned cervical cancer. I mean, I don't have a cervix anymore, so I don't understand how that's possible. I've been trying to stay calm, but it's hard not to worry.
CLINICIAN: Do you have any other symptoms, medical conditions, or medications that might be relevant?
PATIENT: I don't have any other major symptoms. I've just been feeling a bit anxious and stressed about all this. I do have high blood pressure, so I'm on lisinopril for that. I don't think it's related, but I'm not sure. I've been trying to eat healthy and exercise, but it's been tough with all this on my mind. I don't have any other medical conditions that I can think of. I've always been pretty healthy, except for this whole situation.
CLINICIAN: Is there anything else important that I should know, and what worries you most about this?
PATIENT: I guess the thing that worries me the most is the uncertainty. I don't know what's causing these abnormal Pap results, and I don't know what's going to happen next. I've been trying to do some research, but it's all so confusing. I just want to know what's going on with my body. I've been having trouble sleeping at night because I can't stop thinking about it. I've also been a bit more irritable than usual, but I think that's just the stress. I've been trying to stay positive, but it's hard not to feel scared.","PATIENT (opening): I had a hysterectomy 2 years ago.  Prior to this I had never had an irregular pap test.  It was recommended due to frequent urge to uninate.  It was  totally un necessary.  I read post operative lab reports all tissue and was healthy.  I had a pap this past year, it was abnormal.  I have gone back for another every three months.  My doctor says it is cervical cancer.  I no longer have a cervix.   He is watching it and I am growing anxious.  What happens now???  What would you recommend?
CLINICIAN: How long has this been happening, and has it changed since it started?
PATIENT: It’s been about a year since that first abnormal result. I’ve had to go back every three months since then, and honestly, it feels like it’s just lingering there. I’m not sure if it’s getting worse or staying the same, which is what makes me so nervous.
CLINICIAN: Do you have any other symptoms, medical conditions, or medications that might be relevant?
PATIENT: No, I don't have any other symptoms or conditions that I know of. I'm not on any regular medications either. It’s just this one issue that’s been bugging me and making me anxious.
CLINICIAN: Is there anything else important that I should know, and what worries you most about this?
PATIENT: Honestly, the biggest worry is that my doctor is just ""watching"" it. I keep thinking, ""If I don't have a cervix, how can I have cervical cancer?"" It feels like I'm being ignored or that something is being missed. I just want to know if I'm actually in danger or if this is a mistake.",,,,,,,,,,
chatdoctor-hcm-006891,"I have had low hemoglobin since last June in Oct 2011 my rheumotolist suggested I go see a GI doctor because my hemoglobin had dropped to 8.9 and it was appearing on the blood work thayt I was having internal bleeding . I had an endoscope and colotosopy. They were normal. I then has a capusle endoscope that was normal. I had blood work done in Feb. my hemoglobin had dropped to 7.9 still indicating internal blleding. On May 12th I went to the Er with rapid heartbeat , vomiting , and shortness of breath, My hemaglobin had dropped to 7.1 and rock bottom iron. I was admitted and given blood transfusions and iron. The doctors have now ordered a constant CT can of my adoman. I have been going to the hemotologist and getting feronine infusions weekly. My iron is still low and my hemoglobin has dropped from 10.3 in the hospital(after transfusions) to 8.3. They did do another endoscope in the hospital and that was fine. My family doctor, the GI and Hemotologist all seem to think i am having some type of GI bleed. What could it be.","Hello and thanks for the query. This is an excellent question.  It does appear that you have a significant anemia.  I am not sure that your doctors can conclude that you have actual bleeding going on.  It is possible that your body is somehow destroying the red blood cells.  This can sometimes happen through an autoimmune process.  I am, sure you're hematologist has considered this.  He may have requested some special laboratory studies to rule this out. It is important that you continue to receive your iron supplementation.  As long as the other blood cells in your body, including platelets and white blood cells are within normal limits.  It is most likely, your bone marrow is functioning normally and that some type of processes going on whether it is some type of bleeding that has yet to be discovered or whether your body is actively breaking red blood cells apart somehow through this immune process. Thanks again for sending your question.  I can appreciate, that you're dealing with a very stressful and frustrating situation.  Please let me know if you have any additional specific concerns.","PATIENT (opening): I have had low hemoglobin since last June in Oct 2011 my rheumotolist suggested I go see a GI doctor because my hemoglobin had dropped to 8.9 and it was appearing on the blood work thayt I was having internal bleeding . I had an endoscope and colotosopy. They were normal. I then has a capusle endoscope that was normal. I had blood work done in Feb. my hemoglobin had dropped to 7.9 still indicating internal blleding. On May 12th I went to the Er with rapid heartbeat , vomiting , and shortness of breath, My hemaglobin had dropped to 7.1 and rock bottom iron. I was admitted and given blood transfusions and iron. The doctors have now ordered a constant CT can of my adoman. I have been going to the hemotologist and getting feronine infusions weekly. My iron is still low and my hemoglobin has dropped from 10.3 in the hospital(after transfusions) to 8.3. They did do another endoscope in the hospital and that was fine. My family doctor, the GI and Hemotologist all seem to think i am having some type of GI bleed. What could it be.
CLINICIAN: How long has this been happening, and has it changed since it started?
PATIENT: It’s been going on since last June, so it’s been a while. It’s definitely gotten worse over time; my hemoglobin has just kept dropping despite the treatments.
CLINICIAN: Do you have any other symptoms, medical conditions, or medications that might be relevant?
PATIENT: I’m not sure what else to tell you. I’ve been feeling really tired and short of breath, especially after the ER visit. I don’t have any other major conditions that I know of, just the low blood counts.
CLINICIAN: Is there anything else important that I should know, and what worries you most about this?
PATIENT: I'm just really scared because nothing seems to be working. My hemoglobin dropped again even after the transfusions, and I don't understand why the scopes are coming back normal if they think I'm bleeding. It's so frustrating not knowing what's actually going on.","PATIENT (opening): I have had low hemoglobin since last June in Oct 2011 my rheumotolist suggested I go see a GI doctor because my hemoglobin had dropped to 8.9 and it was appearing on the blood work thayt I was having internal bleeding . I had an endoscope and colotosopy. They were normal. I then has a capusle endoscope that was normal. I had blood work done in Feb. my hemoglobin had dropped to 7.9 still indicating internal blleding. On May 12th I went to the Er with rapid heartbeat , vomiting , and shortness of breath, My hemaglobin had dropped to 7.1 and rock bottom iron. I was admitted and given blood transfusions and iron. The doctors have now ordered a constant CT can of my adoman. I have been going to the hemotologist and getting feronine infusions weekly. My iron is still low and my hemoglobin has dropped from 10.3 in the hospital(after transfusions) to 8.3. They did do another endoscope in the hospital and that was fine. My family doctor, the GI and Hemotologist all seem to think i am having some type of GI bleed. What could it be.
CLINICIAN: How long has this been happening, and has it changed since it started?
PATIENT: It's been happening since last June. At first, it was just the low hemoglobin, but it's been getting worse. My levels keep dropping, and now I'm having other symptoms like rapid heartbeat and shortness of breath. It's been really scary, especially when I ended up in the ER. I'm just worried about what's causing this.
CLINICIAN: Do you have any other symptoms, medical conditions, or medications that might be relevant?
PATIENT: I don't have any other major symptoms besides what I've mentioned. I do have some fatigue, but I think that's mostly from the low hemoglobin. I don't have any other medical conditions that I know of. I'm on some iron supplements and feronine infusions, but that's about it. I'm not sure if any of this is relevant, but it's all I can think of. I'm just really confused and a bit scared about what's going on.
CLINICIAN: Is there anything else important that I should know, and what worries you most about this?
PATIENT: I think I've told you most of what's been going on. I guess what worries me the most is that they can't seem to find where the bleeding is coming from. All those tests came back normal, so what's causing this? I'm just afraid that something serious is going on that they haven't found yet. It's been really stressful, and I just want to feel better. I'm also worried about the blood transfusions and iron infusions. I hope they're helping, but my levels keep dropping. It's all just so frustrating.",,,,,,,,,,
chatdoctor-hcm-020414,I would like to understand my MIBI stress test results Findings,Hi I have gone through your question I think you are worried about that small fixed defect it indicates some previous ischemic insult which result in scar myocardium but as the area is small one and by small I will assume it's less than 5% only involve one arterial territory and not effecting your overall ejection fraction take your cardiac meds and exercise and less cholesterol regular check up with your physician and don't worry remember once defect is fixed the myocardium cannot be salvaged thanks hope answer your question,"PATIENT (opening): I would like to understand my MIBI stress test results Findings
CLINICIAN: How long has this been happening, and has it changed since it started?
PATIENT: I'm sorry, I think there's a bit of a misunderstanding. I don't have a specific symptom that's been ""happening"" for a while. I just got my MIBI stress test results back recently, and I'm looking at the report now. It mentions a ""fixed defect,"" and I'm just trying to figure out what that actually means for my heart health.
CLINICIAN: Do you have any other symptoms, medical conditions, or medications that might be relevant?
PATIENT: I’m on some standard heart meds, like a statin for cholesterol and maybe a beta-blocker, but I don’t have any major conditions like diabetes or high blood pressure that I know of. I’m actually feeling pretty okay right now—no chest pain or shortness of breath lately. It’s just the report that’s got me worried.
CLINICIAN: Is there anything else important that I should know, and what worries you most about this?
PATIENT: Honestly, the word ""defect"" is what's scaring me. I keep wondering if that means I've already had a heart attack that I didn't know about, or if my heart is permanently damaged. I just want to know if I'm in danger or if this is something I can just live with.","PATIENT (opening): I would like to understand my MIBI stress test results Findings
CLINICIAN: How long has this been happening, and has it changed since it started?
PATIENT: I'm sorry, I don't think I understand your question. I didn't have any symptoms before the test. I just want to know what the results mean. The doctor's note mentioned something about a ""small fixed defect"" and I'm not sure what that is.
CLINICIAN: Do you have any other symptoms, medical conditions, or medications that might be relevant?
PATIENT: I don't have any major symptoms, just sometimes I get a bit winded when I walk up the stairs, but I thought that was just because I'm out of shape. I do have high blood pressure and high cholesterol, and I'm taking medication for that. I've been on it for a few years now. I don't know if that's relevant, though. I'm just worried about this test result.
CLINICIAN: Is there anything else important that I should know, and what worries you most about this?
PATIENT: I guess I'm just worried that something is seriously wrong. I mean, if there's a defect, that sounds bad, right? I don't want to have a heart attack or anything. I have a family to take care of, and I can't afford to be sick. I just want to know what this means for me and what I should do next. I'm trying to stay positive, but it's hard not to worry.",,,,,,,,,,
chatdoctor-hcm-022629,"Hi, I have missed my period for 2 months now and I have felt cramps and pain in the lower back. Slight nausea and headaches and recently diarrhea.  I have always been regular and now I am stressed out because of this missed period. I have take 8 pregnancy tests which have been all negative however I have read that I cannot only rely on hpt. After 8 negative home pregnancy tests can I still be pregnant? I am 26 years old and I have been extremely stressed because of this as I have never missed a period. Thank you","Hi and welcome to Chat Doctor. If you people had unprotected sexual intercourse during unsafe period then chances of pregnancy are more. If you are pregnant the HPT should come positive in at least one test among the 8 tests you have done, I don't think all 8 Hits will give false negatives. It would have better if you had visited a gynecologist by now. There could be some other reason for missed periods or the way of doing HPT could be wrong. Please do it one more time using early morning urine sample, if that also negative you should definitely consult a doctorNausea, diarrhea, cramps all could be due gastroenteritis caused by food poisoning. Don't be stressed and consult a gynecologist as early as possible. Regards Chat Doctor.","PATIENT (opening): Hi, I have missed my period for 2 months now and I have felt cramps and pain in the lower back. Slight nausea and headaches and recently diarrhea.  I have always been regular and now I am stressed out because of this missed period. I have take 8 pregnancy tests which have been all negative however I have read that I cannot only rely on hpt. After 8 negative home pregnancy tests can I still be pregnant? I am 26 years old and I have been extremely stressed because of this as I have never missed a period. Thank you
CLINICIAN: How long has this been happening, and has it changed since it started?
PATIENT: It’s been about two months since my last period. The cramps and back pain have been there for a few weeks, but the nausea and diarrhea only started recently. I’m just really worried because I’ve never missed a cycle before.
CLINICIAN: Do you have any other symptoms, medical conditions, or medications that might be relevant?
PATIENT: I don't have any other major medical conditions, and I'm not taking any regular medications. I just feel really stressed out lately, which I know can affect things, but I'm not sure if that's the cause or if something else is going on.
CLINICIAN: Is there anything else important that I should know, and what worries you most about this?
PATIENT: I guess the biggest worry is that I might be pregnant and the tests are just wrong, even though I've done so many. I'm also a bit concerned about the diarrhea and nausea—could that be something else entirely? I just want to know what's actually going on.","PATIENT (opening): Hi, I have missed my period for 2 months now and I have felt cramps and pain in the lower back. Slight nausea and headaches and recently diarrhea.  I have always been regular and now I am stressed out because of this missed period. I have take 8 pregnancy tests which have been all negative however I have read that I cannot only rely on hpt. After 8 negative home pregnancy tests can I still be pregnant? I am 26 years old and I have been extremely stressed because of this as I have never missed a period. Thank you
CLINICIAN: How long has this been happening, and has it changed since it started?
PATIENT: It's been about two months since I missed my first period. The cramps and lower back pain have been on and off since then. The nausea and headaches started about a week ago, and the diarrhea just began yesterday. It's all been pretty uncomfortable, and I'm really hoping to figure out what's going on.
CLINICIAN: Do you have any other symptoms, medical conditions, or medications that might be relevant?
PATIENT: I don't have any major medical conditions. I've been taking some ibuprofen for the cramps and pain, but that's about it for medications. I haven't had any other major symptoms, just some fatigue lately. I've been trying to eat well and stay hydrated, but the diarrhea is making that a bit challenging. I've been so worried that I can't even focus on work sometimes. I just want to feel normal again.
CLINICIAN: Is there anything else important that I should know, and what worries you most about this?
PATIENT: I guess the thing that worries me the most is that I've never missed a period before, and now it's been two months. I'm not sure what's causing it, and that uncertainty is really stressing me out. I've been trying to stay calm, but it's hard not to worry. I just want to know what's going on with my body. I've been reading a lot online, but it's all so confusing. I just want some answers.",,,,,,,,,,
chatdoctor-hcm-023548,"Helllo, I am a 32 year old female, I am 5 7 and I weigh 180lbs. I have been diagnosed with Hashimoto thyroidism and currently takes synthroid daily, b-12 nasally every other week, and vitamin d every three weeks. Around the thanksgiving holidays, I had a stomach virus, but got better. However, it seems as if my bile continues to be a little loose and at times my legs feel weak.","Hello Thank you for trusting Chat Doctor Dear continuous loose motion can cause loss of electrolytes can cause weakness in legs, sometimes viral induced gastroenteritis may cause weakness. Hypothyroidism is due to Hashimoto may cause generalized weakness. Please get it done Serum electrolytes and calcium. Stool microscopy and culture, and tab. Popular thrice a day, tab. Of lox Ornidazole 200 mg twice a day for 5\u00a0days, tab. Operative twice a day. If symptoms not improved consult your doctor immediately.","PATIENT (opening): Helllo, I am a 32 year old female, I am 5 7 and I weigh 180lbs. I have been diagnosed with Hashimoto thyroidism and currently takes synthroid daily, b-12 nasally every other week, and vitamin d every three weeks. Around the thanksgiving holidays, I had a stomach virus, but got better. However, it seems as if my bile continues to be a little loose and at times my legs feel weak.
CLINICIAN: How long has this been happening, and has it changed since it started?
PATIENT: It's been going on for about a week now, since I started feeling better from the stomach virus. At first, it was just the loose stools, but the leg weakness started a few days later. It's been kind of up and down, some days are better than others. I'm not sure if it's getting worse, but it's definitely not gone away.
CLINICIAN: Do you have any other symptoms, medical conditions, or medications that might be relevant?
PATIENT: I don't think so, I mean, I have my Hashimoto's, but I've been on Synthroid for years and it's usually well-controlled. I don't have any other major health issues that I can think of. I do get really tired sometimes, but I just thought that was normal with my thyroid condition. I don't know if that's relevant, though. I am not taking any other medications. I do take a multivitamin every day, but that's about it. I am not sure if it's relevant but I have been having some trouble sleeping lately.
CLINICIAN: Is there anything else important that I should know, and what worries you most about this?
PATIENT: I guess I should mention that I've been feeling a bit more anxious lately, too. I don't know if that's related, but it's been hard to focus at work. I think what worries me the most is the leg weakness. It's not constant, but when it happens, it's scary. I'm afraid it might get worse or that it could be something serious. I've been trying to rest more, but it's hard with work and everything. I just want to feel normal again.","PATIENT (opening): Helllo, I am a 32 year old female, I am 5 7 and I weigh 180lbs. I have been diagnosed with Hashimoto thyroidism and currently takes synthroid daily, b-12 nasally every other week, and vitamin d every three weeks. Around the thanksgiving holidays, I had a stomach virus, but got better. However, it seems as if my bile continues to be a little loose and at times my legs feel weak.
CLINICIAN: How long has this been happening, and has it changed since it started?
PATIENT: It’s been going on for about two weeks now, right since the virus hit. It hasn’t really changed much; my stool is just consistently a bit loose, and the leg weakness comes and goes, mostly when I’ve been standing for a while.
CLINICIAN: Do you have any other symptoms, medical conditions, or medications that might be relevant?
PATIENT: I don't have any other major conditions besides the Hashimoto's. I'm just taking my Synthroid, the B-12 nasal spray, and Vitamin D as I mentioned. I haven't started any new meds or supplements since the virus.
CLINICIAN: Is there anything else important that I should know, and what worries you most about this?
PATIENT: I’m mostly worried because I thought the virus was over, but my body just hasn’t bounced back. The leg weakness is what scares me a little—I don’t want to trip or fall. Is this normal for a stomach bug to linger like this?",,,,,,,,,,
chatdoctor-hcm-024508,Please help me understand the below analysis Color,"HelloYour semen analysis findings may indicate semen infection. Infection is indicated due to presence of excess pus cells and RBC in semen. Normally semen shouldn't contain any pus cells. You may need investigations like routine hologram, random blood sugar, semen culture and sensitivity, ultrasound of scrotum. You may need to take antibiotics based on culture and sensitivity report. Motility is normal. Normally it should be at least 55 %. Sperm count is also normal. Normally it should be at least 20 millions/ml. Fertility is expected to increase with control of infection. Other findings like pH, liquefaction time etc. are normal. You should take healthy and nutritious diet. Avoid alcohol and cigarettes if you take it. Get well soon. Take Care Chat Doctor.","PATIENT (opening): Please help me understand the below analysis Color
CLINICIAN: How long has this been happening, and has it changed since it started?
PATIENT: I’m not sure I follow. I don’t have any symptoms like pain or discharge that I can point to a start date for. I just got this semen analysis report back and I’m confused by what it says, especially regarding the ""color"" and other values.
CLINICIAN: Do you have any other symptoms, medical conditions, or medications that might be relevant?
PATIENT: No, I don't have any other symptoms or conditions that I know of. I'm not on any regular medications either. I just got this test done because I was feeling a bit anxious about my fertility, but I didn't expect the results to look like this.
CLINICIAN: Is there anything else important that I should know, and what worries you most about this?
PATIENT: Honestly, the biggest worry is whether this means I can't have kids. I saw some numbers that looked high or low and I'm just scared it's something serious or permanent.","PATIENT (opening): Please help me understand the below analysis Color
CLINICIAN: How long has this been happening, and has it changed since it started?
PATIENT: I'm not sure what you mean by ""Color"". I was just sent this analysis and I don't really understand what it means. I don't know how long this has been going on, to be honest. I guess I've just noticed some changes recently, but I'm not sure if they're related to this.
CLINICIAN: Do you have any other symptoms, medical conditions, or medications that might be relevant?
PATIENT: I don't think so. I mean, nothing that I can think of right now. I've been feeling a bit off lately, but I can't really put my finger on it. I don't have any major medical conditions or anything. I do take some vitamins, but that's about it. I don't know if that's relevant or not. I'm just really confused about this analysis.
CLINICIAN: Is there anything else important that I should know, and what worries you most about this?
PATIENT: I'm not sure what else is important. I guess I should mention that I've been trying to start a family with my partner, and we've been having some trouble. I don't know if that's related to this or not, but it's been on my mind a lot. What worries me the most is that I don't understand what's going on. I mean, what does ""Color"" even mean? And why are there so many numbers and stuff? I'm just really confused and a bit scared, to be honest.",,,,,,,,,,
chatdoctor-hcm-027001,"Hi.  Im a research scientist, and Im doing a query to find out if a systemic Clostridium infection could show up with a symptom of acute acne?  Im not thinking C. tetani or perfringens, but maybe a commensal organism that isnt usually associated with serious illness?","Hello, I understand your concern. I am Chat Doctor, infectious diseases specialist, answering your query. In my opinion you should go ahead in such pathway. There are evidence of anaerobic bacteria causing acne. As clostridium species are anaerobic one, it may involve in acne. If you do some research you can found some evidence and which can be helpful for man kind.  I will be happy to answer your further concern, you can ask me on bit.ly/ Chat Doctor.  Thank you. ChatDoctorInfectious diseases specialist.","PATIENT (opening): Hi.  Im a research scientist, and Im doing a query to find out if a systemic Clostridium infection could show up with a symptom of acute acne?  Im not thinking C. tetani or perfringens, but maybe a commensal organism that isnt usually associated with serious illness?
CLINICIAN: How long has this been happening, and has it changed since it started?
PATIENT: To be honest, I’m not actually experiencing this myself. I’m just trying to map out the theoretical clinical presentation for a paper I’m working on. I’m specifically looking at whether a low-grade, systemic presence of a commensal Clostridium species could manifest as acute inflammatory acne, rather than the usual localized skin flora issues.
CLINICIAN: Do you have any other symptoms, medical conditions, or medications that might be relevant?
PATIENT: Since I’m not the patient, I don’t have personal symptoms or meds to list.

But for the hypothetical case I’m modeling, I’m assuming a healthy adult with no other obvious systemic signs like fever or malaise—just the sudden onset of the acne. I’m trying to isolate if the skin presentation could be the *only* visible clue to a deeper, low-level anaerobic issue.
CLINICIAN: Is there anything else important that I should know, and what worries you most about this?
PATIENT: I guess what worries me most is the disconnect. We usually associate Clostridium with serious, acute events like gas gangrene or tetanus, so seeing it linked to something as common as acne feels counterintuitive.

I’m just trying to figure out if there’s a plausible mechanism where a commensal strain could shift or become systemic enough to trigger that kind of inflammatory response without the patient feeling ""sick"" in the traditional sense.","PATIENT (opening): Hi.  Im a research scientist, and Im doing a query to find out if a systemic Clostridium infection could show up with a symptom of acute acne?  Im not thinking C. tetani or perfringens, but maybe a commensal organism that isnt usually associated with serious illness?
CLINICIAN: How long has this been happening, and has it changed since it started?
PATIENT: Well, I've been noticing this acne issue for about a couple of months now.  It started out pretty mild, just a few breakouts here and there, but it's gotten more intense recently.  It's like it's spreading and getting worse, which is why I'm wondering if there might be something more going on.
CLINICIAN: Do you have any other symptoms, medical conditions, or medications that might be relevant?
PATIENT: I don't have any major medical conditions that I'm aware of, and I'm not on any regular medications.  I mean, I've had some stomach issues off and on, but nothing too serious.  I've just been attributing it to stress and my diet.  I've been trying to cut back on the junk food, but it's hard when you're working long hours in the lab.  I've been feeling a bit more tired than usual, but I figured that was just from the lack of sleep.  I've been sleeping poorly lately.  I've been waking up a lot at night.  I don't know if that's related or not.  I've been trying to take better care of my skin, but nothing seems to be helping with the ac
CLINICIAN: Is there anything else important that I should know, and what worries you most about this?
PATIENT: I guess what worries me the most is that this acne just isn't going away, and it seems to be getting worse.  I've tried all the usual stuff—over-the-counter treatments, changing my skincare routine—but nothing seems to make a difference.  I've been feeling a bit anxious about it, especially since I'm in a field where appearances can matter, like when I'm giving presentations or meeting with collaborators.  I've been trying to keep it under control with makeup, but it's just not working.  I've been feeling a bit down about it, to be honest.  I've been feeling a bit down about it, to be honest.  I've been trying to stay positive, but it's hard when you feel like you're breaking out",,,,,,,,,,
chatdoctor-hcm-027801,"Hello. Last summer I went to a dentist for what I thought was an abcessed tooth. They took x-rays and said it wasn t an abcess but that instead I have cysts in my gums. They then told me that in order to stop the pain I had to have a tooth removed that was above the cysts. I did this. At no point in time were these cysts ever removed. At no point in time were these cysts ever biopsied. The tooth was pulled....Im still in pain almost a year later. and now the tooth behind it is broken. My wisdom tooth is impacted and pushing on the now broken one. I have been in severe pain for the past 2 days. Tried everything I could possibly think of and could find online to kill my pain or even help a little bit. Today, I was sucking on my tounge (my salt water was a little too salty) and in the process was sucking on the broken tooth as well. I had the most horrible pain of my life and then blood pouring out of my mouth. Toothache was gone after that for about 5 1/2 hours. Now pain comes back and is worse. My jaw feels like it is going to explode and again more blood. This lasted for about 5 min (although it felt like years) and now pain is gone. What could be causing all this pain? Is it the cysts?","Thank u for your query. Well if a cyst is diagnosed, it must have been removed, probably when u have undergone the procedure. U should meet your dentist regarding the same and confirm it. Pain is one of the signs of infection thus do not neglect it and get it checked at the earliest. U need to maintain a good oral hygiene, and please do not disturb or fight with the problematic area and aggravate your pain and bleeding. U need to get it checked at the earliest and also need to get your latest X-rays done. Regards,","PATIENT (opening): Hello. Last summer I went to a dentist for what I thought was an abcessed tooth. They took x-rays and said it wasn t an abcess but that instead I have cysts in my gums. They then told me that in order to stop the pain I had to have a tooth removed that was above the cysts. I did this. At no point in time were these cysts ever removed. At no point in time were these cysts ever biopsied. The tooth was pulled....Im still in pain almost a year later. and now the tooth behind it is broken. My wisdom tooth is impacted and pushing on the now broken one. I have been in severe pain for the past 2 days. Tried everything I could possibly think of and could find online to kill my pain or even help a little bit. Today, I was sucking on my tounge (my salt water was a little too salty) and in the process was sucking on the broken tooth as well. I had the most horrible pain of my life and then blood pouring out of my mouth. Toothache was gone after that for about 5 1/2 hours. Now pain comes back and is worse. My jaw feels like it is going to explode and again more blood. This lasted for about 5 min (although it felt like years) and now pain is gone. What could be causing all this pain? Is it the cysts?
CLINICIAN: How long has this been happening, and has it changed since it started?
PATIENT: It’s been almost a year since I had that tooth pulled, and I’ve been in pain pretty much the whole time, though it’s definitely gotten worse over the last couple of days. The bleeding and that intense ""exploding"" feeling in my jaw are new, though.
CLINICIAN: Do you have any other symptoms, medical conditions, or medications that might be relevant?
PATIENT: I don't have any major medical conditions that I know of, and I'm not on any regular medications. I just tried some over-the-counter painkillers and salt water rinses, but nothing really seems to touch the pain anymore.
CLINICIAN: Is there anything else important that I should know, and what worries you most about this?
PATIENT: Honestly, the fact that they left the cysts in there is what freaks me out the most. I just don't understand why they pulled the tooth but didn't do anything about the actual cause they told me I had. I'm terrified that something is getting worse underneath all this pain and bleeding.","PATIENT (opening): Hello. Last summer I went to a dentist for what I thought was an abcessed tooth. They took x-rays and said it wasn t an abcess but that instead I have cysts in my gums. They then told me that in order to stop the pain I had to have a tooth removed that was above the cysts. I did this. At no point in time were these cysts ever removed. At no point in time were these cysts ever biopsied. The tooth was pulled....Im still in pain almost a year later. and now the tooth behind it is broken. My wisdom tooth is impacted and pushing on the now broken one. I have been in severe pain for the past 2 days. Tried everything I could possibly think of and could find online to kill my pain or even help a little bit. Today, I was sucking on my tounge (my salt water was a little too salty) and in the process was sucking on the broken tooth as well. I had the most horrible pain of my life and then blood pouring out of my mouth. Toothache was gone after that for about 5 1/2 hours. Now pain comes back and is worse. My jaw feels like it is going to explode and again more blood. This lasted for about 5 min (although it felt like years) and now pain is gone. What could be causing all this pain? Is it the cysts?
CLINICIAN: How long has this been happening, and has it changed since it started?
PATIENT: It's been almost a year since I had the tooth pulled, and I've been in pain pretty much the whole time. The pain has changed a bit—it started as a dull ache, but lately, it's been much worse, especially in the last couple of days. I've had some really bad episodes with intense pain and bleeding. It's been really scary.
CLINICIAN: Do you have any other symptoms, medical conditions, or medications that might be relevant?
PATIENT: I don't have any major medical conditions that I can think of. I'm not on any regular medications, either. I've had a bit of a headache lately, but I think that's just from the pain in my jaw. I've been trying to take it easy and rest, but it's been hard to sleep with all this discomfort. I've been taking some over-the-counter pain relievers, but they don't seem to help much. I'm really at my wits' end here.
CLINICIAN: Is there anything else important that I should know, and what worries you most about this?
PATIENT: I guess the thing that worries me the most is that I don't know what's causing all this pain. I mean, the dentist said it was cysts, but they never did anything about them. And now this tooth is broken, and my wisdom tooth is pushing on it. I'm just really scared that something serious is going on, and I don't want to lose another tooth. The bleeding is also concerning—it's never happened like this before. I just want to know what's going on and how to make it stop. It's affecting everything I do.",,,,,,,,,,
chatdoctor-hcm-029189,Father-in-law- 65 years.My Father-in-law was diagonosed Gastric Cancer- stage 3A- a D2 radical gastrectomy was performed- after surgery the staging was Stage 3B- after the pathological final report- it is stage 4. The pathologists report,"Hi, Thanks for writing in. Cancer is a challenging diagnosis and the course of disease is directed by treatment. With stage 3A stomach cancer about a third of people (38%) live at least 5 years. With stage 3B about 1 in 6 people (15%) live for more than 5 years. Survival for 5 years after first detection of cancer is a milestone and with the best treatments patients can survive 5 years or more with stage 3 stomach cancer.However, the staging has changed after 17 of 20 lymph nodes show metastasis, and presently it is in stage 4. Unfortunately, about 8 out of 10 (80%) people diagnosed with stomach cancer are stage four, meaning the cancer has already spread when they are diagnosed and this is the case with your father-in-law. Therefore, the survival statistics are lower than for stage 3 stomach cancers. Fewer than 1 in 20 people (5%) live for at least 5 years if they have stage 4 stomach cancer when they are diagnosed.","PATIENT (opening): Father-in-law- 65 years.My Father-in-law was diagonosed Gastric Cancer- stage 3A- a D2 radical gastrectomy was performed- after surgery the staging was Stage 3B- after the pathological final report- it is stage 4. The pathologists report
CLINICIAN: How long has this been happening, and has it changed since it started?
PATIENT: I'm sorry, I don't understand what you mean. My father-in-law was diagnosed with gastric cancer. We were told it was stage 3A, then after surgery, it was stage 3B, and now the pathologist says it's stage 4. I'm not sure what's happening. I'm really worried about him.
CLINICIAN: Do you have any other symptoms, medical conditions, or medications that might be relevant?
PATIENT: I'm not sure if this is relevant, but he's been feeling more tired than usual lately. He's also had a bit of trouble keeping his food down, even with the medication they gave him for nausea. He has high blood pressure, for which he takes medication, but other than that, he's always been pretty healthy. I'm just really confused about this staging thing. I thought they removed the cancer.
CLINICIAN: Is there anything else important that I should know, and what worries you most about this?
PATIENT: What worries me the most is that they said it's stage 4 now. I thought they got all the cancer out. I don't understand how it can be stage 4 after surgery. I'm really scared that he's not going to be okay. I just want to know what happens next and if there's anything we can do. I'm really hoping there's still a chance for him to beat this.","PATIENT (opening): Father-in-law- 65 years.My Father-in-law was diagonosed Gastric Cancer- stage 3A- a D2 radical gastrectomy was performed- after surgery the staging was Stage 3B- after the pathological final report- it is stage 4. The pathologists report
CLINICIAN: How long has this been happening, and has it changed since it started?
PATIENT: It’s been a whirlwind, honestly. He was diagnosed a few months ago, and we thought we were making progress after the surgery, but then the final report came back with this new stage. It feels like the situation just got much worse right when we thought we were turning a corner.
CLINICIAN: Do you have any other symptoms, medical conditions, or medications that might be relevant?
PATIENT: He’s 65, so he has some high blood pressure and is on a couple of meds for that, but nothing major. Since the surgery, he’s been really tired and not eating much, which I guess is expected, but it’s hard to watch him lose weight.
CLINICIAN: Is there anything else important that I should know, and what worries you most about this?
PATIENT: Honestly, the biggest worry is just the jump to stage 4. We were hoping for a cure after the surgery, but now I don't even know what the next steps are.

I'm just scared about how long he has and if there's anything else we can do to help him.",,,,,,,,,,
chatdoctor-hcm-030378,"hello. about a week ago i ha a pretty big cavity filled. a couple days later i started to see signs of an infections and started drinking antibiotics and ibuprofen for my pain. the infection seems to have subsided however now i have a sharp throbbing pain in my tooth that only goes away when i apply ice water under my tongue around that tooth and i have to keep reapplying that ice water or the pain comes back. I cannot sleep at night anymore. i have a dentist appointment friday, is there anything i can do before then to relive my pain? i have already tried ibuprofen aspirin advil and nothing is working!","Hi, thanks for using Chat Doctor In addition to the oral medication you can try the application of a local anesthetic. There are local anesthetic sprays or gargles that are used for sore throats or lesions of the mouth that may help you. They do not normally require a prescription. You can speak to your local pharmacist to see what is available in your area. In addition, if the pain is so severe, you may need to a stronger analgesic, but these may require a prescription. Medications such as Celebrex, tramadol, codeine may be helpful to you. I hope this helps","PATIENT (opening): hello. about a week ago i ha a pretty big cavity filled. a couple days later i started to see signs of an infections and started drinking antibiotics and ibuprofen for my pain. the infection seems to have subsided however now i have a sharp throbbing pain in my tooth that only goes away when i apply ice water under my tongue around that tooth and i have to keep reapplying that ice water or the pain comes back. I cannot sleep at night anymore. i have a dentist appointment friday, is there anything i can do before then to relive my pain? i have already tried ibuprofen aspirin advil and nothing is working!
CLINICIAN: How long has this been happening, and has it changed since it started?
PATIENT: It's been happening for the past 3 days, I think. It started as a dull ache, but now it's this sharp, throbbing pain. It's been getting worse, especially at night. I can't even sleep anymore. It's really frustrating.
CLINICIAN: Do you have any other symptoms, medical conditions, or medications that might be relevant?
PATIENT: No other symptoms really. I mean, besides the pain, I just feel tired because I can't sleep. I don't have any other medical conditions that I can think of. I'm just on these antibiotics and sometimes I take ibuprofen for the pain, but like I said, that doesn't really help much. I'm not sure what else to try. I just want this pain to stop.
CLINICIAN: Is there anything else important that I should know, and what worries you most about this?
PATIENT: I don't think so. I mean, I'm just really worried about the pain. It's so sharp and it comes and goes, but it's always there, you know? I'm just scared it's going to get worse before my dentist appointment on Friday. I can't keep living like this, it's affecting everything I do. I just want to be able to sleep and not be in constant pain.","PATIENT (opening): hello. about a week ago i ha a pretty big cavity filled. a couple days later i started to see signs of an infections and started drinking antibiotics and ibuprofen for my pain. the infection seems to have subsided however now i have a sharp throbbing pain in my tooth that only goes away when i apply ice water under my tongue around that tooth and i have to keep reapplying that ice water or the pain comes back. I cannot sleep at night anymore. i have a dentist appointment friday, is there anything i can do before then to relive my pain? i have already tried ibuprofen aspirin advil and nothing is working!
CLINICIAN: How long has this been happening, and has it changed since it started?
PATIENT: It started a couple of days after the filling, so maybe five or six days ago? It’s been pretty consistent since then, just that sharp throbbing that won't quit unless I use the ice water. It’s definitely getting harder to sleep because of it.
CLINICIAN: Do you have any other symptoms, medical conditions, or medications that might be relevant?
PATIENT: I don't have any other major conditions, just the stuff I mentioned. I'm currently taking the antibiotics I started for the infection, and I've been cycling through ibuprofen, aspirin, and Advil, but like I said, none of them are touching this pain.
CLINICIAN: Is there anything else important that I should know, and what worries you most about this?
PATIENT: Honestly, the biggest worry is that I just can't sleep. I'm exhausted and the pain is so sharp it's making me anxious. I just want to know if there's something stronger I can take or a different way to manage it until I see the dentist on Friday, because the ice water isn't a long-term solution.",,,,,,,,,,
chatdoctor-hcm-035622,"hello doctor,my mother is 58 and she has been suffering from a spinal infection for the past 3 yrs and she is on ributin and catbutanol(i am not sure of this tablet name alone) and her mri which had been taken in dec showed very slight traces of the infection. the esr levels are 105 which is higher than before. she is also on catheter for the past 3 yrs and also suffering from arthritis as well. i dont think the esr level can increase because of the infection because she is having good appetite and she is not having fever which she used to have when she suffered from heavy infection.. What could be the reason for the raised ESR levels.","Hi, dairy have gone through your question. I can understand your concern. There are many causes of high ESR.  Tuberculosis, infection, anemia, autoimmune disease, paraprotienemia, malignancies all can lead to high ESR.  You should search the cause.  She is having arthritis.  You should investigate FOA any autoimmune disease.  Consult your doctor and take treatment accordingly. Hope I have answered your question, if you have doubt then I will be happy to answer. Thanks for using Chat Doctor. Wish you a very good health. Don't forget to click, thank you.","PATIENT (opening): hello doctor,my mother is 58 and she has been suffering from a spinal infection for the past 3 yrs and she is on ributin and catbutanol(i am not sure of this tablet name alone) and her mri which had been taken in dec showed very slight traces of the infection. the esr levels are 105 which is higher than before. she is also on catheter for the past 3 yrs and also suffering from arthritis as well. i dont think the esr level can increase because of the infection because she is having good appetite and she is not having fever which she used to have when she suffered from heavy infection.. What could be the reason for the raised ESR levels.
CLINICIAN: How long has this been happening, and has it changed since it started?
PATIENT: It's been like this for a few months now. The ESR levels have been rising gradually, but we only noticed it was this high when we had the recent blood test. She hasn't had a fever or any other new symptoms, which is why we're confused. She seems to be eating well and doesn't complain of any pain more than usual.
CLINICIAN: Do you have any other symptoms, medical conditions, or medications that might be relevant?
PATIENT: Well, besides the spinal infection and arthritis, she's been on a catheter for the past 3 years due to some bladder issues. She's also been taking some other medications for her arthritis and general health, but I'm not sure of all the names. She's been a bit more tired lately, but we thought that might be due to the arthritis acting up. Nothing else seems out of the ordinary, though. She's been pretty stable otherwise.
CLINICIAN: Is there anything else important that I should know, and what worries you most about this?
PATIENT: I guess the thing that worries me the most is that we don't know why the ESR levels are so high. She doesn't seem to be in any pain or discomfort, and she's eating well, so it's hard to tell if something is seriously wrong. I just want to make sure we're not missing something important. Her arthritis has been acting up a bit more lately, but we're not sure if that's related. I just want to make sure she's okay, you know?","PATIENT (opening): hello doctor,my mother is 58 and she has been suffering from a spinal infection for the past 3 yrs and she is on ributin and catbutanol(i am not sure of this tablet name alone) and her mri which had been taken in dec showed very slight traces of the infection. the esr levels are 105 which is higher than before. she is also on catheter for the past 3 yrs and also suffering from arthritis as well. i dont think the esr level can increase because of the infection because she is having good appetite and she is not having fever which she used to have when she suffered from heavy infection.. What could be the reason for the raised ESR levels.
CLINICIAN: How long has this been happening, and has it changed since it started?
PATIENT: The spinal infection has been going on for about 3 years now. The MRI in December actually showed it was getting better, with only slight traces left. But the ESR is what’s worrying me because it’s higher than it was before, even though she feels okay otherwise.
CLINICIAN: Do you have any other symptoms, medical conditions, or medications that might be relevant?
PATIENT: She’s been on a catheter for the past 3 years, which is a bit of a concern in itself. Also, she has arthritis, which I know can be tricky. As for meds, she’s on the ""ributin"" and that other one I’m not sure of the name for, but I don’t think I have the exact list handy right now.
CLINICIAN: Is there anything else important that I should know, and what worries you most about this?
PATIENT: Honestly, the biggest worry is that the ESR is going up when she feels fine. I’m just confused why it’s rising if the infection is almost gone and she has no fever. I’m scared it might be something else we’re missing, or that the infection is coming back in a way we can’t see.",,,,,,,,,,
chatdoctor-hcm-037076,"i Have recently been on a very strong aniboitic and take 6 25 gm of methadextrate a week, I wear upper dentures which fit propery. I noticed a sore spot on the gum and last night when I removed my denture there was blood in it... I do use a glue and always have. How can I heal it, I have been using salt water ever hour.","Hi, Welcome to Chat Doctor, You have not written which Antibiotics you have taken. Penicillin related antibiotics can interact with Methotrexate (Methadextrate), and increase the level of Methotrexate in blood. Increase level of Methotrexate can cause side effects like decrease in White blood cells, which can cause sores in mouth. Denture can irritate the sore and can bleed. You must go and see a Doctor. He or she would examine you and may you to do blood test tor WBC count. If it is low, you may have to skip Methotrexate this week. In the future, before taking any medication, you must inform your Doctor that you are on Methotrexate. Take care.","PATIENT (opening): i Have recently been on a very strong aniboitic and take 6 25 gm of methadextrate a week, I wear upper dentures which fit propery. I noticed a sore spot on the gum and last night when I removed my denture there was blood in it... I do use a glue and always have. How can I heal it, I have been using salt water ever hour.
CLINICIAN: How long has this been happening, and has it changed since it started?
PATIENT: It's been a few days now. It started as just a little sore spot, but it's gotten a bit more tender, and that's when I noticed the blood. It's been bothering me more when I eat or when my denture presses on it. I'm a bit worried it's not getting better with the salt water rinses.
CLINICIAN: Do you have any other symptoms, medical conditions, or medications that might be relevant?
PATIENT: I don't have any other symptoms that I can think of. I have high blood pressure, but that's been stable for a while. I'm not sure if any of my medications could be causing this, but I've been on them for a long time. I'm just not sure what's going on with this sore. It's a bit scary seeing blood like that.
CLINICIAN: Is there anything else important that I should know, and what worries you most about this?
PATIENT: I don't think there's anything else important. I've been taking care of my dentures and my mouth like I always do. I guess what worries me the most is that I don't know what's causing this. I've never had anything like this happen before. I just want it to stop hurting and for the bleeding to stop. It's making it hard to eat and talk sometimes. I'm also a bit worried it might get worse if I don't do something about it.","PATIENT (opening): i Have recently been on a very strong aniboitic and take 6 25 gm of methadextrate a week, I wear upper dentures which fit propery. I noticed a sore spot on the gum and last night when I removed my denture there was blood in it... I do use a glue and always have. How can I heal it, I have been using salt water ever hour.
CLINICIAN: How long has this been happening, and has it changed since it started?
PATIENT: It’s only been a couple of days. I first noticed the soreness maybe two days ago, but it didn’t bleed until last night when I took the denture out. It feels a bit more tender today, but not much worse.
CLINICIAN: Do you have any other symptoms, medical conditions, or medications that might be relevant?
PATIENT: I don't have any other big conditions, just the stuff I mentioned. I'm on that antibiotic right now, and I take the methadextrate weekly. I don't feel sick otherwise, no fever or anything, just the gum hurts.
CLINICIAN: Is there anything else important that I should know, and what worries you most about this?
PATIENT: I'm mostly worried because I didn't expect it to bleed like that, and I'm not sure if the antibiotic is messing with my body or if it's just the denture rubbing. I just want to know if I should stop the methadextrate or if I need to see a doctor in person.",,,,,,,,,,
chatdoctor-hcm-040274,hi well im a teenager and last night i hit my head really hard on my dads trunk door. it didnt hurt as much as i thought it would and i slept fine but im pretty sure my head has a bump on it and it hurts. i also have a throbbing feeling. and im dizzy and VERY worried. should i go to the ER?,"HIT hank for asking to ChatDoctorI really appreciate your concern you said here that you had accident that hurt your head, in case of any head injury the 48 to 72 hours of observation is necessary because anything could happen during this period if nothing is happened during this period then no need to worry about this, if nothing have happened immediately the also nothing to worry, hope this information helps you, have nice day.","PATIENT (opening): hi well im a teenager and last night i hit my head really hard on my dads trunk door. it didnt hurt as much as i thought it would and i slept fine but im pretty sure my head has a bump on it and it hurts. i also have a throbbing feeling. and im dizzy and VERY worried. should i go to the ER?
CLINICIAN: How long has this been happening, and has it changed since it started?
PATIENT: It happened last night, so maybe 12 or 13 hours ago? It’s been pretty much the same, just that throbbing feeling and the dizziness are still there. I don’t think it’s gotten worse, but I’m just really scared something is wrong.
CLINICIAN: Do you have any other symptoms, medical conditions, or medications that might be relevant?
PATIENT: No, I don't take any meds and I don't have any other health issues. I'm just a normal, healthy teen. I haven't thrown up or anything, but I just feel really off and dizzy.
CLINICIAN: Is there anything else important that I should know, and what worries you most about this?
PATIENT: I guess the main thing is that I’m just really scared I might have a concussion or something worse. I don’t want to be a bother, but I’m worried because I’m still dizzy and my head hurts. Is that normal?","PATIENT (opening): hi well im a teenager and last night i hit my head really hard on my dads trunk door. it didnt hurt as much as i thought it would and i slept fine but im pretty sure my head has a bump on it and it hurts. i also have a throbbing feeling. and im dizzy and VERY worried. should i go to the ER?
CLINICIAN: How long has this been happening, and has it changed since it started?
PATIENT: I hit my head last night, so it's been about 12 hours or so. The bump and throbbing started right after I hit my head, but the dizziness just started a little while ago. It's all kind of getting worse, I think. I'm really starting to feel worried.
CLINICIAN: Do you have any other symptoms, medical conditions, or medications that might be relevant?
PATIENT: I don't think I have any other symptoms right now. I'm not sure if this is relevant, but I have asthma, and I take an inhaler for it. I don't think I hit my head hard enough to pass out or anything, but I'm not sure if that's important. I'm just really worried about this bump and the dizziness. I've never had anything like this before.
CLINICIAN: Is there anything else important that I should know, and what worries you most about this?
PATIENT: I guess I should mention that I threw up once this morning, but I thought it was just because I ate something weird last night. I don't know if that's related. What worries me the most is the dizziness. It's like the room is spinning sometimes, and I'm afraid I might pass out or something. I've never had a concussion or anything like that before, so I don't know what to expect. I just want to make sure I'm okay.",,,,,,,,,,
chatdoctor-hcm-040494,"hai, i am satheesh, my mother had bp for past 5yrs she took Tablet enam 5mg  for that and now recently for  10 months she having normal bp 110/70 then we stoped  that tablet, but now i checked her bp is 140/80 is it normal or we want to continue the tablet....","Hello! Thank you for asking on Chat Doctor! I understand your concern and would explain that the actual blood pressure values that you refer are above the normal limits. In such a case, I would recommend consulting with the GP for a careful physical examination and a routine check up (chest x-ray, resting ECG, blood lab tests such as","PATIENT (opening): hai, i am satheesh, my mother had bp for past 5yrs she took Tablet enam 5mg  for that and now recently for  10 months she having normal bp 110/70 then we stoped  that tablet, but now i checked her bp is 140/80 is it normal or we want to continue the tablet....
CLINICIAN: How long has this been happening, and has it changed since it started?
PATIENT: I just checked it today, so it's only been a few days since I noticed this specific reading. Before that, for the last 10 months, it was consistently around 110/70, which is why we stopped the medicine. I'm just worried if it's coming back up now.
CLINICIAN: Do you have any other symptoms, medical conditions, or medications that might be relevant?
PATIENT: No, she doesn't have any other major problems like diabetes or heart issues. She is generally healthy and active. She isn't taking any other medicines right now since we stopped the Enam. She just feels a bit tired sometimes, but I think that's normal for her age.
CLINICIAN: Is there anything else important that I should know, and what worries you most about this?
PATIENT: I guess the main worry is that we stopped the medicine because it seemed fine, but now it's back up. I'm just confused if 140/80 is actually high enough to worry about or if it's just a one-off thing. I don't want to restart the meds unnecessarily, but I'm scared if we wait too long.","PATIENT (opening): hai, i am satheesh, my mother had bp for past 5yrs she took Tablet enam 5mg  for that and now recently for  10 months she having normal bp 110/70 then we stoped  that tablet, but now i checked her bp is 140/80 is it normal or we want to continue the tablet....
CLINICIAN: How long has this been happening, and has it changed since it started?
PATIENT: I'm not sure how long it's been like this. I only noticed it today when I checked her blood pressure. I think it might be higher than usual, but I'm not sure if it's something to worry about. She hasn't complained of any symptoms, but I'm a bit worried now that I've seen this reading.
CLINICIAN: Do you have any other symptoms, medical conditions, or medications that might be relevant?
PATIENT: No, she doesn't have any other major health issues that I know of. She's been generally fine, just the high blood pressure that we've been managing with the medication. She doesn't take anything else regularly, just the occasional vitamin. She hasn't complained of any headaches or dizziness or anything like that. She's been sleeping well and eating normally. I'm just a bit concerned about this blood pressure reading.
CLINICIAN: Is there anything else important that I should know, and what worries you most about this?
PATIENT: I'm not sure if there's anything else important. She's been a bit more tired lately, but I thought it was just old age catching up with her. She's been sleeping more, but no more than usual. I guess what worries me the most is that her blood pressure was normal for so long, and now it's suddenly high again. I don't want her to have a stroke or a heart attack or anything like that. I just want to make sure she's okay.",,,,,,,,,,
chatdoctor-hcm-040876,hello sir. i am nivedita .. i want to discuss about my mother .. she is 50 year old .. she is nt normal or behaving normal from some 3 years.. she has changed alot she s not taking proper food and rest .. used to pray alot and behaves very rudely ... whatever we do she always gets irritated.. she refuses to see a doctor and dnt accepts that she is not well.. she is litle stubborn since her childhood but now she used to get aggressive for her stubbornness.. she used to mind each and every thing and feels insulted for no reason.. she dnt take much care of hygine and do whatever she feels correct .. never listens to anybody and used to argue.. other than these things there are many more she used to do .... please suggest what is she suffering from and what can we do for her ....,"Hello and welcome to Chat Doctor. Thanks for your query. I understand your concern regarding your mothers psychological problems. Now, increased irritability and anger, mood changes, poor food intake, poor self-care, etc. in elderly persons could be indicative of a depression. However, we need a detailed history and a proper psychological assessment to make a definitive diagnosis. I would suggest that you take her to a psychiatrist for a detailed psychological evaluation and further management. Don't worry, there are effective treatment options - in the form of medication or counselling / psychotherapy which will help overcome you mothers problems. Wish you all the best.","PATIENT (opening): hello sir. i am nivedita .. i want to discuss about my mother .. she is 50 year old .. she is nt normal or behaving normal from some 3 years.. she has changed alot she s not taking proper food and rest .. used to pray alot and behaves very rudely ... whatever we do she always gets irritated.. she refuses to see a doctor and dnt accepts that she is not well.. she is litle stubborn since her childhood but now she used to get aggressive for her stubbornness.. she used to mind each and every thing and feels insulted for no reason.. she dnt take much care of hygine and do whatever she feels correct .. never listens to anybody and used to argue.. other than these things there are many more she used to do .... please suggest what is she suffering from and what can we do for her ....
CLINICIAN: How long has this been happening, and has it changed since it started?
PATIENT: It's been happening for about three years now. It started gradually, but it's gotten worse over time. She used to be irritable, but now she's become quite aggressive and argumentative. It's like she's a different person. I'm really worried about her.
CLINICIAN: Do you have any other symptoms, medical conditions, or medications that might be relevant?
PATIENT: No, she doesn't have any other major medical conditions that I know of. She's never been on any regular medication. She used to be quite healthy, but this change in her behavior has been really concerning. She doesn't seem to have any physical symptoms, it's more about her mood and how she acts. I'm not sure if it's related, but she does complain about not sleeping well at night sometimes.
CLINICIAN: Is there anything else important that I should know, and what worries you most about this?
PATIENT: What worries me the most is that she doesn't seem to care about her own well-being. She doesn't eat properly, she doesn't take care of her hygiene, and she's always irritated and aggressive. It's like she's given up on life. I'm scared that she might harm herself or others if this continues. She used to be such a loving and caring person, but now she pushes everyone away. I just want my mom back. I don't know what to do anymore.","PATIENT (opening): hello sir. i am nivedita .. i want to discuss about my mother .. she is 50 year old .. she is nt normal or behaving normal from some 3 years.. she has changed alot she s not taking proper food and rest .. used to pray alot and behaves very rudely ... whatever we do she always gets irritated.. she refuses to see a doctor and dnt accepts that she is not well.. she is litle stubborn since her childhood but now she used to get aggressive for her stubbornness.. she used to mind each and every thing and feels insulted for no reason.. she dnt take much care of hygine and do whatever she feels correct .. never listens to anybody and used to argue.. other than these things there are many more she used to do .... please suggest what is she suffering from and what can we do for her ....
CLINICIAN: How long has this been happening, and has it changed since it started?
PATIENT: It has been going on for about 3 years now. It didn't start all at once; it was very gradual. At first, we thought she was just going through a phase or maybe stressed, but slowly she became more withdrawn and irritable. Now, it feels like a completely different person compared to who she was before.
CLINICIAN: Do you have any other symptoms, medical conditions, or medications that might be relevant?
PATIENT: I don't think she has any major medical problems, but she does have high blood pressure which she manages with medication. She isn't on any other specific drugs for this behavior, just the BP tablets. I'm not sure if that's related, but she does seem to have less energy than before.
CLINICIAN: Is there anything else important that I should know, and what worries you most about this?
PATIENT: The biggest worry is that she refuses to see a doctor and gets aggressive if we try to convince her. It’s getting really hard to manage her at home because she’s so stubborn and doesn’t listen to anyone. I’m just scared of what might happen if we don’t get her help soon.",,,,,,,,,,
chatdoctor-hcm-047343,"I am hypertensive female of 67 years.I was on 40MG OF Telmisartan in the morning and 25 mg of Aten in the night.Previously dose of Aten was 50 mg and reduced because of low pulse.This change was since 1 year.Since few days my BP was fluctuating ranging from 140/92 to 137/87. I myself is a doctor and I used to record my BP by digital apparatus . since 15 days I added 25 mg of Aten B D and 1/2 tab lasilatone twice in a week.My B P has come 127/67 and pulse 46. I am a IHD patient with hypothyroidism and I am on regular f u of my Investigation.Not diabetic. LVH was noted last year. I am not interested to go for Angiography/bipas surgery and prefer Medical treatment. Since 1 month I am Rosuvastatin 10 mg. I prefer to go for cilacar 10 mg alone or 5mg of Cilacar with 40 mg of Telmisartan in the morning Instead of beta blocker in the night ,along with statin and diuretic sos. Please suggest.","As you are a doctor we would discuss likewise.  Mostly you have essential hypertension.  When you say LVH on echo, it means the BP was on higher side to cause LVH, as you say telmisartan and clear are good Chat Doctor.  Now on the important issue of beta blocker, you tend to get bradycardia with ten 50\u00a0mg in a day, as you are on so many years on beta blocker, and we want to medically manage HD, we should optimize the dose.  Do try replacement of atenolol with Weibull, which has intrinsic sympathomimetic activity, so bradycardia is less than compared to ten. Take blood pressure at different times of the day, and dose the antihypertensive accordingly to minimize peaks and troughs. Lastly get you TSH and free t3/ free t4 next time to see whether we are over treating or undertaking hypothyroidism","PATIENT (opening): I am hypertensive female of 67 years.I was on 40MG OF Telmisartan in the morning and 25 mg of Aten in the night.Previously dose of Aten was 50 mg and reduced because of low pulse.This change was since 1 year.Since few days my BP was fluctuating ranging from 140/92 to 137/87. I myself is a doctor and I used to record my BP by digital apparatus . since 15 days I added 25 mg of Aten B D and 1/2 tab lasilatone twice in a week.My B P has come 127/67 and pulse 46. I am a IHD patient with hypothyroidism and I am on regular f u of my Investigation.Not diabetic. LVH was noted last year. I am not interested to go for Angiography/bipas surgery and prefer Medical treatment. Since 1 month I am Rosuvastatin 10 mg. I prefer to go for cilacar 10 mg alone or 5mg of Cilacar with 40 mg of Telmisartan in the morning Instead of beta blocker in the night ,along with statin and diuretic sos. Please suggest.
CLINICIAN: How long has this been happening, and has it changed since it started?
PATIENT: I’ve been on this specific combination of Telmisartan and Atenolol for about a year, but the fluctuations in my BP started just a few days ago. Since I added the extra Atenolol and Lasilactone 15 days back, my readings have dropped to 127/67, but my pulse is now quite low at 46.
CLINICIAN: Do you have any other symptoms, medical conditions, or medications that might be relevant?
PATIENT: I do have IHD and hypothyroidism, which I manage with regular follow-ups. I’m also on Rosuvastatin 10mg, which I started about a month ago. Aside from the low pulse and the BP changes, I don’t have any other new symptoms right now.
CLINICIAN: Is there anything else important that I should know, and what worries you most about this?
PATIENT: I had LVH noted on my echo last year, and I’m strictly against angiography or bypass, so I really want to stick to medical management. My main worry is that my pulse is dropping to 46, so I’m hoping to switch to Cilacar 10mg or a combo with Telmisartan instead of the beta blocker at night.","PATIENT (opening): I am hypertensive female of 67 years.I was on 40MG OF Telmisartan in the morning and 25 mg of Aten in the night.Previously dose of Aten was 50 mg and reduced because of low pulse.This change was since 1 year.Since few days my BP was fluctuating ranging from 140/92 to 137/87. I myself is a doctor and I used to record my BP by digital apparatus . since 15 days I added 25 mg of Aten B D and 1/2 tab lasilatone twice in a week.My B P has come 127/67 and pulse 46. I am a IHD patient with hypothyroidism and I am on regular f u of my Investigation.Not diabetic. LVH was noted last year. I am not interested to go for Angiography/bipas surgery and prefer Medical treatment. Since 1 month I am Rosuvastatin 10 mg. I prefer to go for cilacar 10 mg alone or 5mg of Cilacar with 40 mg of Telmisartan in the morning Instead of beta blocker in the night ,along with statin and diuretic sos. Please suggest.
CLINICIAN: How long has this been happening, and has it changed since it started?
PATIENT: As I mentioned, my blood pressure has been fluctuating for a few days now. It started around a week ago, I guess. I noticed it was going up and down between 140/92 and 137/87. I decided to adjust my medication a bit—added 25 mg of Atenolol twice a day and half a tablet of Lasilactone twice a week. Since then, my blood pressure has been more stable, around 127/67, but my pulse has dropped to 46. I'm a bit concerned about that.
CLINICIAN: Do you have any other symptoms, medical conditions, or medications that might be relevant?
PATIENT: Well, I have a history of IHD and hypothyroidism. I'm on regular follow-ups for these. I'm not diabetic, though. I've been taking Rosuvastatin 10 mg for about a month now. Last year, they noted LVH on my echo. I'm not really interested in going for an angiogram or bypass surgery; I'd prefer to manage this medically. I've been a doctor for many years, so I'm pretty diligent about recording my blood pressure with a digital apparatus. I'm just a bit worried about these recent fluctuations and my pulse being so low.
CLINICIAN: Is there anything else important that I should know, and what worries you most about this?
PATIENT: I think I've mentioned most of the important stuff. I'm just really worried about my pulse being so low, even after reducing the Atenolol dose. I don't want to end up with bradycardia or anything like that. I'm also a bit concerned about the LVH they noted last year. I'm hoping we can manage this with medication and avoid any invasive procedures. I've been feeling a bit tired lately, but I'm not sure if that's related. I guess I'm just worried about my overall heart health at this point.",,,,,,,,,,
chatdoctor-hcm-048987,"Hi, may I answer your health queries right now ? Please type your query here... hi, my daughter is 4 yrs old, she has what the dr says as cyclical vomiting since age one yrs old. however, her conditions is worsening as she gets older with frequency of vomiting every 10-14 days and the vomiting is around 5-7days. she is admitted to hospital on each atttack. All the investiggation done was normal expect for mri brain which shows narrowing of corpus collusum and ceerebral atrophy. I dont know whaat to do. It is very traumatic for her to be poked 5-7 times each admission for IV line and regular blood monitoring","Hello, Yes, no doubt it's a troublesome condition, Some babies have cyclic vomiting without any abnormal reason. A big challenge for parents it will get settled by itself by the age of five until then goes with the flow. Check out if she is allergic to any food or anything that stimulate and starts vomiting. And stop it immediately syrup Dome three times a day will reduce the episodes during attack give ORS as much as you can during this. So that intravenous HY Chat Doctor.  Syrup zinc ate itself for ten days will help to overcome. Hope I have answered your query. Let me know if I can assist you further.","PATIENT (opening): Hi, may I answer your health queries right now ? Please type your query here... hi, my daughter is 4 yrs old, she has what the dr says as cyclical vomiting since age one yrs old. however, her conditions is worsening as she gets older with frequency of vomiting every 10-14 days and the vomiting is around 5-7days. she is admitted to hospital on each atttack. All the investiggation done was normal expect for mri brain which shows narrowing of corpus collusum and ceerebral atrophy. I dont know whaat to do. It is very traumatic for her to be poked 5-7 times each admission for IV line and regular blood monitoring
CLINICIAN: How long has this been happening, and has it changed since it started?
PATIENT: It started when she was just one year old, so it’s been going on for three years now. It’s actually getting worse as she gets older; the episodes used to be less frequent, but now it’s happening every 10 to 14 days, and each time it lasts about 5 to 7 days.
CLINICIAN: Do you have any other symptoms, medical conditions, or medications that might be relevant?
PATIENT: I don't think she has any other specific medical conditions, but the vomiting is so severe that she ends up in the hospital every single time. We've tried a few things, but nothing really stops it once it starts. Is there anything else I should be looking for?
CLINICIAN: Is there anything else important that I should know, and what worries you most about this?
PATIENT: The biggest worry is that she’s in so much pain and it’s getting worse, not better. Also, the MRI showed some narrowing in her brain, which the doctors mentioned but didn't really explain much about. I’m just terrified that we’re missing something serious because of those results.","PATIENT (opening): Hi, may I answer your health queries right now ? Please type your query here... hi, my daughter is 4 yrs old, she has what the dr says as cyclical vomiting since age one yrs old. however, her conditions is worsening as she gets older with frequency of vomiting every 10-14 days and the vomiting is around 5-7days. she is admitted to hospital on each atttack. All the investiggation done was normal expect for mri brain which shows narrowing of corpus collusum and ceerebral atrophy. I dont know whaat to do. It is very traumatic for her to be poked 5-7 times each admission for IV line and regular blood monitoring
CLINICIAN: How long has this been happening, and has it changed since it started?
PATIENT: It's been happening since she was about a year old. It's definitely gotten worse as she's grown. When it first started, it was maybe once a month, and it would last a couple of days. Now it's every 10-14 days and lasts 5-7 days each time. It's really tough on her and on us as parents.
CLINICIAN: Do you have any other symptoms, medical conditions, or medications that might be relevant?
PATIENT: Not that I can think of. She's generally a healthy kid, very active and happy when she's not having one of these episodes. She doesn't take any regular medications, just the usual kids' stuff like paracetamol for fevers. I can't think of any other symptoms that seem related. It's just the vomiting that's the problem. It's so frustrating because we can't seem to figure out what's causing it.
CLINICIAN: Is there anything else important that I should know, and what worries you most about this?
PATIENT: The thing that worries me the most is seeing her go through this. She's so little and it's so hard on her. The hospital admissions are tough too, especially the IV lines and all the blood tests. She hates it, and so do I. I just want to find a way to make this stop or at least make it easier on her. I feel so helpless. I just want my little girl to be okay. The MRI results were a bit scary, but the doctors said they weren't sure if it was related. I just don't know what to do or where to turn.",,,,,,,,,,
chatdoctor-hcm-051875,"Dear sir I have problem related to pain, muscle contraction, shivering. When i lift small weight or press any object with my hands my hands start paining in shoulder joint and hands shiver. When I fold my hand or leg it start paining in joint and muscle contracts. When I lift my hand or leg for little time pain is felt along with shivering. I can t move my body freely Some type of jam is felt.I feel shivering in standing position. My hand while writing feels shivering and I can t write freely. I consulted a ortho doctor he did blood test for vitamin B12, hydroxy vitamin D result was 190 & 10.49 is low. Medicine given are D360 capsule, Cobadex czsczs & nusran. Kindly suggest am I going in right direction. Aftab Alam.","Hi, Thanks for your query. Seems you are suffering from multiple joint pain - Polyarthritis with early morning stiffness. Rheumatoid arthritis is one of the most common causes for Polyarthritis. I would suggest you to get yourself examined by an Orthopaedician for multiple joint pains. You would be asked to undergo few blood tests like He, RBS, TLC, DLC, ESR, RA factor, CRP and Thyroid profile along with routine urine examination. These investigations will help us find out the exact cause. Discuss with your doctor. I do hope that you have found something helpful, and I will be glad to answer any further query. Take care","PATIENT (opening): Dear sir I have problem related to pain, muscle contraction, shivering. When i lift small weight or press any object with my hands my hands start paining in shoulder joint and hands shiver. When I fold my hand or leg it start paining in joint and muscle contracts. When I lift my hand or leg for little time pain is felt along with shivering. I can t move my body freely Some type of jam is felt.I feel shivering in standing position. My hand while writing feels shivering and I can t write freely. I consulted a ortho doctor he did blood test for vitamin B12, hydroxy vitamin D result was 190 & 10.49 is low. Medicine given are D360 capsule, Cobadex czsczs & nusran. Kindly suggest am I going in right direction. Aftab Alam.
CLINICIAN: How long has this been happening, and has it changed since it started?
PATIENT: It's been happening for about a couple of months now. It started with just a bit of pain in my shoulders when I'd lift something, but it's been getting worse. Now it's in my hands and legs too, and the shivering is new. It's becoming quite bothersome, especially when I try to write or stand for too long.
CLINICIAN: Do you have any other symptoms, medical conditions, or medications that might be relevant?
PATIENT: I don't have any other major symptoms that I can think of. I do have high blood pressure, but I've been taking medication for that for years and it's been under control. I don't think it's related to this, but I'm not sure. I'm not on any other medications besides the ones the ortho doctor gave me. I've been feeling a bit tired lately, but I thought that was just because of the pain keeping me up at night. I don't know if that's relevant or not.
CLINICIAN: Is there anything else important that I should know, and what worries you most about this?
PATIENT: I've been having trouble sleeping because of the pain. I wake up a few times at night because my shoulders or hands start hurting. I'm not sure if that's important, but it's been happening a lot. What worries me the most is that it's getting harder to do simple things, like writing or even standing up. I'm starting to feel like I can't do my daily tasks properly, and that's really frustrating. I just want to be able to live my life normally again.","PATIENT (opening): Dear sir I have problem related to pain, muscle contraction, shivering. When i lift small weight or press any object with my hands my hands start paining in shoulder joint and hands shiver. When I fold my hand or leg it start paining in joint and muscle contracts. When I lift my hand or leg for little time pain is felt along with shivering. I can t move my body freely Some type of jam is felt.I feel shivering in standing position. My hand while writing feels shivering and I can t write freely. I consulted a ortho doctor he did blood test for vitamin B12, hydroxy vitamin D result was 190 & 10.49 is low. Medicine given are D360 capsule, Cobadex czsczs & nusran. Kindly suggest am I going in right direction. Aftab Alam.
CLINICIAN: How long has this been happening, and has it changed since it started?
PATIENT: It has been going on for a few weeks now. It started slowly, just a bit of stiffness, but now it’s much worse. I feel like my body is getting ""jammed"" more often, and the shivering is constant, especially when I stand still.
CLINICIAN: Do you have any other symptoms, medical conditions, or medications that might be relevant?
PATIENT: No, I don't have any other known medical conditions like diabetes or high blood pressure. I'm not taking any other regular medications, just the ones the ortho doctor gave me recently. It's really just this pain and the shivering that's bothering me.
CLINICIAN: Is there anything else important that I should know, and what worries you most about this?
PATIENT: I’m mostly worried that the vitamins aren't fixing it. I’m scared it’s something more serious than just a deficiency because I can barely write or lift things without my hands shaking. Is it possible I need different tests?",,,,,,,,,,
chatdoctor-hcm-051876,"i am 24 years old with a 5years son, i am currently on paragard IUC for three months so i want to know if i can use a morning after pill if something goes wrong during sex. i also want to know if oralcon contraceptive can be used as emergency contraception and how. thank you","Hi, Paragard is a very effective contraceptive method. It is more than 99% effective in preventing pregnancy. Therefore, there is no need to use morning after pill sex. I could not figure out why you thought of using morning after pill while you are already on a very effective method of contraception. Oralcon contraceptive can be used as emergency contraception. You need to take 4 tables of Oralcon at the earliest after unprotected sex and 4 tablets again after 12 hours. I have written this just for your knowledge. I hope I have answered to your satisfaction.","PATIENT (opening): i am 24 years old with a 5years son, i am currently on paragard IUC for three months so i want to know if i can use a morning after pill if something goes wrong during sex. i also want to know if oralcon contraceptive can be used as emergency contraception and how. thank you
CLINICIAN: How long has this been happening, and has it changed since it started?
PATIENT: I'm sorry, I think there might be a misunderstanding. I'm not experiencing any issues or symptoms that have been happening over time. I'm just asking about emergency contraception options because I want to be prepared, just in case. I've been using the Paragard IUC for about three months now, and I haven't had any problems with it. I'm just trying to understand my options better.
CLINICIAN: Do you have any other symptoms, medical conditions, or medications that might be relevant?
PATIENT: No, I don't have any other symptoms or medical conditions that I can think of. I'm generally healthy. I'm not taking any other medications besides the Paragard IUC. I just want to make sure I'm doing everything right to prevent pregnancy, you know? I've heard different things about emergency contraception, and I want to get the facts straight. I'm not really sure what to expect, to be honest. I just want to be prepared.
CLINICIAN: Is there anything else important that I should know, and what worries you most about this?
PATIENT: Well, I guess I'm just worried about what to do if something goes wrong. Like, what if the condom breaks or something? I don't want to end up pregnant again so soon, especially since I have a 5-year-old to take care of. I've heard that the morning-after pill can have side effects, so I'm not sure if I should use it or not. And I'm not really sure how the Oralcon contraceptive works as emergency contraception. I just want to make sure I'm doing the right thing, you know? I don't want to mess up and regret it later. I'm just trying to be responsible and informed.","PATIENT (opening): i am 24 years old with a 5years son, i am currently on paragard IUC for three months so i want to know if i can use a morning after pill if something goes wrong during sex. i also want to know if oralcon contraceptive can be used as emergency contraception and how. thank you
CLINICIAN: How long has this been happening, and has it changed since it started?
PATIENT: It’s not really something that’s been ""happening"" for a while; I’ve just had the Paragard in for three months now. I’m just worried about what to do if I think it might have slipped or if something goes wrong during sex.
CLINICIAN: Do you have any other symptoms, medical conditions, or medications that might be relevant?
PATIENT: No, I don't have any other medical conditions or take any other medications. I'm generally healthy, just a bit anxious about the IUD since it's new to me.
CLINICIAN: Is there anything else important that I should know, and what worries you most about this?
PATIENT: Honestly, my biggest worry is that if the IUD fails, I don't know what to do. I just want to be prepared in case something goes wrong, so I'm asking about the morning-after pill and Oralcon as a backup.",,,,,,,,,,
chatdoctor-hcm-052088,"my so-called pain management doctor fe along with feels my scoliosis, lumbar and mid back arthritis along with deteriorating disc disease is treatable with vicodin 5/325. I am strongly disagreeing. The simple fact is (of course) pain worsening and I m barely able to funtion with my daily activities...such as simple as doing a load of laundry or dishes. I can not remember the last full night that I actually made it through the night without waking up in pain. please help me","Dear patient Vicodin is only symptomatic treatment for any kind of pain whether back pain or joint pain. If you have scoliosis and back arthritis diagnosis should be confirmed by X-ray of dorsolumbar spine anteroposterior and lateral views. Your night sleep is disturbed by pain which means significant disability. You need to consult immediately to spine surgeon for detailed assessment. Meanwhile, start tab attract twice a day for pain relief.","PATIENT (opening): my so-called pain management doctor fe along with feels my scoliosis, lumbar and mid back arthritis along with deteriorating disc disease is treatable with vicodin 5/325. I am strongly disagreeing. The simple fact is (of course) pain worsening and I m barely able to funtion with my daily activities...such as simple as doing a load of laundry or dishes. I can not remember the last full night that I actually made it through the night without waking up in pain. please help me
CLINICIAN: How long has this been happening, and has it changed since it started?
PATIENT: It's been going on for a few months now, but it's gotten worse in the last couple of weeks. At first, it was just a dull ache, but now it's sharp and constant. It's really affecting my daily life. I can't even sleep through the night anymore. I wake up multiple times because of the pain.
CLINICIAN: Do you have any other symptoms, medical conditions, or medications that might be relevant?
PATIENT: I don't have any other major medical conditions that I know of. I'm not on any other medications besides the Vicodin, which I'm not even sure I should be taking. I've always had a bit of a sensitive stomach, but nothing major. I've been trying to manage the pain with just the Vicodin, but it's not really helping much. I've been feeling really tired and irritable lately too, but I think that's just from the lack of sleep and the constant pain. I've been trying to stay active, but even simple things like doing the dishes or folding laundry leave me in a lot of pain.
CLINICIAN: Is there anything else important that I should know, and what worries you most about this?
PATIENT: I guess I should mention that I've been having some trouble with my balance lately. I've tripped a few times over nothing. I'm really worried that this pain is going to get worse and I won't be able to take care of myself anymore. I'm also scared that I might need surgery or something. I just want to be able to live my life without being in constant pain. It's really taking a toll on me, both physically and mentally. I just want to be able to sleep through the night and do simple tasks without being in agony.","PATIENT (opening): my so-called pain management doctor fe along with feels my scoliosis, lumbar and mid back arthritis along with deteriorating disc disease is treatable with vicodin 5/325. I am strongly disagreeing. The simple fact is (of course) pain worsening and I m barely able to funtion with my daily activities...such as simple as doing a load of laundry or dishes. I can not remember the last full night that I actually made it through the night without waking up in pain. please help me
CLINICIAN: How long has this been happening, and has it changed since it started?
PATIENT: It’s been going on for a few months now, but it’s definitely getting worse. At first, I could manage with some rest, but now even just standing up hurts. I feel like I’m stuck in a cycle where the pain just keeps building up.
CLINICIAN: Do you have any other symptoms, medical conditions, or medications that might be relevant?
PATIENT: I don't have any other major conditions, just the back stuff. I'm taking the Vicodin exactly as prescribed, but like I said, it's not doing much. I'm not on any other meds right now.
CLINICIAN: Is there anything else important that I should know, and what worries you most about this?
PATIENT: Honestly, the biggest worry is that I’m losing my independence. I can’t even do laundry without stopping to catch my breath or rub my back. I’m just scared that if I keep ignoring it, I’ll end up in a wheelchair or something. I just need a plan that actually works.",,,,,,,,,,
chatdoctor-hcm-053660,"41 year old female triglycerides level  at 220 but my HDL is 47 LDL 77MCV-100.5MCH-34.1RDW-SD-46.6MPV-11.8AST-46 Doctor is only worried about the Triglycerides,and started me on fish oil. Should I be concerned with the other high numbers?Any thing else I can do to lower my Tris","Hi, dairy have gone through your question. I can understand your concern. Your triglycerides level is high.  You should take low fat diet with high amount of polyunsaturated fatty acids. Your MCV is slightly higher.  You should go for serum B12 level once. You may have it b12 deficiency. Your rest all reports are normal. No need to worry. Hope I have answered your question, if you have doubt then I will be happy to answer. Thanks for using Chat Doctor. Wish you a very good health.","PATIENT (opening): 41 year old female triglycerides level  at 220 but my HDL is 47 LDL 77MCV-100.5MCH-34.1RDW-SD-46.6MPV-11.8AST-46 Doctor is only worried about the Triglycerides,and started me on fish oil. Should I be concerned with the other high numbers?Any thing else I can do to lower my Tris
CLINICIAN: How long has this been happening, and has it changed since it started?
PATIENT: I actually just got these results back a few days ago, so this is the first time I’ve seen them. I didn’t have any specific symptoms before the test, just felt a bit tired lately, but I thought it was just stress.
CLINICIAN: Do you have any other symptoms, medical conditions, or medications that might be relevant?
PATIENT: No, I don’t have any other medical conditions and I’m not on any regular meds. I’m just really confused because my doctor only mentioned the triglycerides and the fish oil, but I keep looking at that MCV and AST number and wondering if I’m missing something.
CLINICIAN: Is there anything else important that I should know, and what worries you most about this?
PATIENT: Honestly, the biggest worry is that I feel like I’m being brushed off. I know 220 is high, but seeing that MCV and AST elevated makes me nervous that there’s something else going on that we’re ignoring. I just want to know if I should be pushing for more tests or if I’m overreacting.","PATIENT (opening): 41 year old female triglycerides level  at 220 but my HDL is 47 LDL 77MCV-100.5MCH-34.1RDW-SD-46.6MPV-11.8AST-46 Doctor is only worried about the Triglycerides,and started me on fish oil. Should I be concerned with the other high numbers?Any thing else I can do to lower my Tris
CLINICIAN: How long has this been happening, and has it changed since it started?
PATIENT: I'm not sure how long my triglycerides have been high, to be honest. I only found out about it recently when I had my blood work done. I haven't noticed any changes in how I feel, but I'm not really sure what to look for. I've just been trying to follow the doctor's advice and take the fish oil. I'm still a bit worried about those other numbers, though. I'm not sure if they're normal or not.
CLINICIAN: Do you have any other symptoms, medical conditions, or medications that might be relevant?
PATIENT: I don't have any major medical conditions that I know of. I do have some mild anxiety, but I'm not on any medication for it. I do take a multivitamin every day, and I've been trying to eat a bit healthier lately. I don't really have any other symptoms that I can think of. I've been feeling pretty tired lately, but I thought that was just because I've been busy at work. I don't know if that's related to any of this. I do drink a glass of wine with dinner most nights, but I don't think that's a lot, right? I'm not sure if any of this is relevant, but I'm just trying to give you as much information as possible.
CLINICIAN: Is there anything else important that I should know, and what worries you most about this?
PATIENT: I guess what worries me the most is that I don't really understand what all these numbers mean. I know my triglycerides are high, but I'm not sure what that means for my health. And I'm not sure if the other numbers are something I should be worried about too. I just want to make sure I'm doing everything I can to stay healthy, especially since I have a family history of heart disease. I'm also a bit worried about the fish oil, I've heard it can have side effects. I'm not sure if I should be taking it, or if there's something else I should be doing instead. I just want to make sure I'm on the right track.",,,,,,,,,,
chatdoctor-hcm-054236,"My husband had a triple by-pass 10 weeks ago. These past few days he is complaining of severe back, shoulder pain and pain if he tries to take a deep breath. His BP, pulse rate, and temp are normal. The pain radiates to his chest but is not coming from his heart. Could he have pluerisy?","Hello, I had gone through the case and found that if there is doubt of pleurisy then go for Echo of lungs and find the cause. If no then go for vitamin D3 test AMD it might be only muscle spasm. So go for test then take treatment. If only muscle spasm then take mild painkiller and apply muscle relaxant gel and also take Vitamin D3 once a week for 3 months. Hope my answer will be effective for you. Thanks","PATIENT (opening): My husband had a triple by-pass 10 weeks ago. These past few days he is complaining of severe back, shoulder pain and pain if he tries to take a deep breath. His BP, pulse rate, and temp are normal. The pain radiates to his chest but is not coming from his heart. Could he have pluerisy?
CLINICIAN: How long has this been happening, and has it changed since it started?
PATIENT: It's been about three days now. It seems to be getting a bit worse, especially when he moves around or tries to take a deep breath. He's been having trouble sleeping because of the discomfort.
CLINICIAN: Do you have any other symptoms, medical conditions, or medications that might be relevant?
PATIENT: He doesn't have any other symptoms that I can think of. He has high blood pressure, for which he takes medication, but that's been stable. He's also on some other meds for his heart, but I'd have to check the exact names. He hasn't had any fever or anything like that.
CLINICIAN: Is there anything else important that I should know, and what worries you most about this?
PATIENT: I'm not sure if this is important, but sometimes he says the pain is worse when he coughs. What worries me the most is that he had that heart surgery not too long ago, and I don't want him to have any complications. I just want to make sure it's not something serious.","PATIENT (opening): My husband had a triple by-pass 10 weeks ago. These past few days he is complaining of severe back, shoulder pain and pain if he tries to take a deep breath. His BP, pulse rate, and temp are normal. The pain radiates to his chest but is not coming from his heart. Could he have pluerisy?
CLINICIAN: How long has this been happening, and has it changed since it started?
PATIENT: It started about three or four days ago. It’s been pretty consistent, just severe. It doesn’t really get better or worse, it’s just there, especially when he moves or tries to breathe in deeply.
CLINICIAN: Do you have any other symptoms, medical conditions, or medications that might be relevant?
PATIENT: He’s on the usual meds for the bypass, like aspirin and a beta-blocker. No other major conditions that I know of, just the heart stuff. He’s not coughing or having any fever, which is why I’m confused because his temp is normal.
CLINICIAN: Is there anything else important that I should know, and what worries you most about this?
PATIENT: I’m mostly worried because he’s only 10 weeks out from such a big surgery, and I don’t want to miss something serious. It’s just so painful for him to move, and I’m not sure if this is normal recovery or if it’s something else going on.",,,,,,,,,,
chatdoctor-hcm-055831,"I have this black spot on the tip of my tongue and it bothers me when people ask what happened, is there a way to make it go away? My doctor said its moles and its fine, but I honestly dont like it. I will be willing to do anything to get it normal . Thx.","Hi A black spot /mole at the tip of tongue, which is not increasing in size, neither changing its texture and is painless is rather harmless, and you need not be worried. Although I do second you and accept that it might be irritating and uncomfortable. Out of various modalities, surgical removal has been an age-old remedy for such moles. Latest modalities include laser which are painless and also have a better acceptance amongst patients.hopefully this might be of some help to you .take care.","PATIENT (opening): I have this black spot on the tip of my tongue and it bothers me when people ask what happened, is there a way to make it go away? My doctor said its moles and its fine, but I honestly dont like it. I will be willing to do anything to get it normal . Thx.
CLINICIAN: How long has this been happening, and has it changed since it started?
PATIENT: It's been there for a few months now. It hasn't really changed much, it's just always there and it's annoying. I wish it would just go away.
CLINICIAN: Do you have any other symptoms, medical conditions, or medications that might be relevant?
PATIENT: No, I don't think so. I'm generally healthy, no other symptoms that I can think of. I don't take any regular medications either. It's just this spot that's been bugging me. I don't know why it's there or how to get rid of it.
CLINICIAN: Is there anything else important that I should know, and what worries you most about this?
PATIENT: I guess it's just the appearance of it. It's black and right at the tip of my tongue, so it's really noticeable. I hate when people ask about it, and I don't know what to say. I just want it to go away. I'm not in any pain or anything, it's just really annoying. I don't know if it's something serious or not, that's why I'm asking.","PATIENT (opening): I have this black spot on the tip of my tongue and it bothers me when people ask what happened, is there a way to make it go away? My doctor said its moles and its fine, but I honestly dont like it. I will be willing to do anything to get it normal . Thx.
CLINICIAN: How long has this been happening, and has it changed since it started?
PATIENT: It’s been there for a few months now, maybe longer? I don’t really remember exactly when I first noticed it. It hasn’t really changed size or shape, it just stays right there on the tip.
CLINICIAN: Do you have any other symptoms, medical conditions, or medications that might be relevant?
PATIENT: No, I don't have any other symptoms. It doesn't hurt or bleed, it's just... there. I don't take any regular medications either, just occasional ibuprofen if I have a headache.
CLINICIAN: Is there anything else important that I should know, and what worries you most about this?
PATIENT: Honestly, the biggest worry is just how it looks. I feel self-conscious when I'm eating out or talking to people because they stare. I just want it to look normal again so I can stop worrying about it.",,,,,,,,,,
chatdoctor-hcm-057312,"Hi Dr, Our first baby boy born on 10th May 2014. He born on 36 week having weight 1.9kg. He is doing good but his doctor recognized an extra sound in his heart on 17th May 2014. According to his suggestion, we have showed to a pediatrician who is in service a branch of Narayana Health Care yesterday. He did some scan and told the baby has a medium hole (probably ASD, not sure still from his prescription) in his heart causing the murmur. He told that, this can be closed naturally till 2 years of kids age. He asked us to visit after 2 months. And take care of baby from cold and some precautions. He has given a syrup named some furosemide(not correct) to have 1 dose twice daily. My baby s is having mother milk nicely and gaining proper wait (2.3 kgs now, 27th May). Can you please let me know the in detail about the cure for this? And if possible what is the amount for 1 dose(1ml or ?) for the syrup furosemide(not correct)? Thanks, Probir Paul","Hi, After going through your babies case I want to clear certain facts about ASD (Atrial septal defect - opening in the heart wall which separate two upper chambers of heart, right and left atria). Every child is born with an opening between the upper heart chambers. It's a normal fetal opening that allows blood to flow away from the lungs before birth. After birth, the opening is no longer needed and usually closes or becomes very small within several weeks or months. Sometimes the opening is larger than normal and doesn't close after birth. Chil Chat Doctor.  If the opening is small, it won't cause symptoms. If the opening is large, the only abnormal finding may be a murmur (noise heard with a stethoscope) and other abnormal heart sounds. In child","PATIENT (opening): Hi Dr, Our first baby boy born on 10th May 2014. He born on 36 week having weight 1.9kg. He is doing good but his doctor recognized an extra sound in his heart on 17th May 2014. According to his suggestion, we have showed to a pediatrician who is in service a branch of Narayana Health Care yesterday. He did some scan and told the baby has a medium hole (probably ASD, not sure still from his prescription) in his heart causing the murmur. He told that, this can be closed naturally till 2 years of kids age. He asked us to visit after 2 months. And take care of baby from cold and some precautions. He has given a syrup named some furosemide(not correct) to have 1 dose twice daily. My baby s is having mother milk nicely and gaining proper wait (2.3 kgs now, 27th May). Can you please let me know the in detail about the cure for this? And if possible what is the amount for 1 dose(1ml or ?) for the syrup furosemide(not correct)? Thanks, Probir Paul
CLINICIAN: How long has this been happening, and has it changed since it started?
PATIENT: The extra sound in his heart was first noticed by his doctor on 17th May 2014. We didn't notice any change in his behavior or health since then. He's been eating well and gaining weight. We only found out about the hole in his heart yesterday when we saw the pediatrician. We're a bit worried, but he seems fine otherwise.
CLINICIAN: Do you have any other symptoms, medical conditions, or medications that might be relevant?
PATIENT: No other symptoms that we've noticed. He's been eating mother's milk nicely and gaining weight properly. He was born a bit early, at 36 weeks, but he's been doing well since then. The only medication he's on is the syrup the pediatrician gave us yesterday. I think it was supposed to be furosemide, but the name on the bottle isn't quite right. We're not sure about the dosage either. We're just trying to follow the doctor's advice and keep him safe from colds and other illnesses.
CLINICIAN: Is there anything else important that I should know, and what worries you most about this?
PATIENT: I think that's everything we know so far. What worries us the most is that we don't really understand what this hole in his heart means for him in the long run. The pediatrician said it might close on its own, but what if it doesn't? We just want what's best for our little boy. We're also a bit confused about the medicine. The name on the bottle isn't clear, and we're not sure how much to give him. We just want to make sure we're doing everything right.","PATIENT (opening): Hi Dr, Our first baby boy born on 10th May 2014. He born on 36 week having weight 1.9kg. He is doing good but his doctor recognized an extra sound in his heart on 17th May 2014. According to his suggestion, we have showed to a pediatrician who is in service a branch of Narayana Health Care yesterday. He did some scan and told the baby has a medium hole (probably ASD, not sure still from his prescription) in his heart causing the murmur. He told that, this can be closed naturally till 2 years of kids age. He asked us to visit after 2 months. And take care of baby from cold and some precautions. He has given a syrup named some furosemide(not correct) to have 1 dose twice daily. My baby s is having mother milk nicely and gaining proper wait (2.3 kgs now, 27th May). Can you please let me know the in detail about the cure for this? And if possible what is the amount for 1 dose(1ml or ?) for the syrup furosemide(not correct)? Thanks, Probir Paul
CLINICIAN: How long has this been happening, and has it changed since it started?
PATIENT: The doctor first heard the sound on May 17th, which was just a week after he was born. Since then, it hasn't really changed; he is feeding well and gaining weight, so he seems to be doing okay otherwise.
CLINICIAN: Do you have any other symptoms, medical conditions, or medications that might be relevant?
PATIENT: No, he doesn't have any other symptoms or conditions. He is just a bit premature, born at 36 weeks, but otherwise healthy. The only medication is that syrup the doctor gave us, which I think is furosemide, but I'm not sure of the exact dose.
CLINICIAN: Is there anything else important that I should know, and what worries you most about this?
PATIENT: Honestly, the biggest worry is that ""hole"" in his heart. We are new parents, so hearing that is scary, even if the doctor said it might close on its own.

Also, I'm really confused about the medicine. The prescription says ""furosemide"" (or something like that), but I don't know how much to give him. Is it 1ml? I'm afraid of giving the wrong amount.",,,,,,,,,,
chatdoctor-hcm-057320,"My two year old son received a third degree burn on his index finger. A piece of melted plastic stuck to the top of his finger from the fingernail to the first joint, and covered the finger from side to side. It has since continued to reveal it s severity, as the subcutaneous layer turned white and has stopped leaking plasma. My question is, could he lose the function of his cuticle, and what kind of procedure can we expect at the E.R.","Hi, Thank you for asking question on Chat Doctor. Third degree burn of your children index finger needs immediate attention of burns and plastic surgery specialist. Antibiotics to prevent sepsis in addition pain relieving Chat Doctor. Skin grafting and physiotherapy may be required once the wound heals. It is difficult to pronounce prognosis right now. Hope this answer will serve your purposeless feel free to ask any more queries if requiredTake care","PATIENT (opening): My two year old son received a third degree burn on his index finger. A piece of melted plastic stuck to the top of his finger from the fingernail to the first joint, and covered the finger from side to side. It has since continued to reveal it s severity, as the subcutaneous layer turned white and has stopped leaking plasma. My question is, could he lose the function of his cuticle, and what kind of procedure can we expect at the E.R.
CLINICIAN: How long has this been happening, and has it changed since it started?
PATIENT: It happened yesterday afternoon. It was really scary at first because it was leaking this clear fluid, but now it's all white and dry-looking. I'm not sure if that's good or bad. I just want to make sure he's okay.
CLINICIAN: Do you have any other symptoms, medical conditions, or medications that might be relevant?
PATIENT: No, he's generally a very healthy kid. He doesn't take any medications. He's been a bit fussy since it happened, but that's to be expected, right? I'm just really worried about his finger. I hope they can fix it at the E.R.
CLINICIAN: Is there anything else important that I should know, and what worries you most about this?
PATIENT: I think that's all. I'm just really worried about the pain he's in and if he's going to be okay. I've never seen anything like this before. I hope they can help him at the E.R. I'm just really scared and want to make sure he's going to be alright.","PATIENT (opening): My two year old son received a third degree burn on his index finger. A piece of melted plastic stuck to the top of his finger from the fingernail to the first joint, and covered the finger from side to side. It has since continued to reveal it s severity, as the subcutaneous layer turned white and has stopped leaking plasma. My question is, could he lose the function of his cuticle, and what kind of procedure can we expect at the E.R.
CLINICIAN: How long has this been happening, and has it changed since it started?
PATIENT: It happened about two days ago. It started out looking like a bad blister, but then the skin just went white and dry, and the weeping stopped. I’m really worried because he’s been holding his hand up and crying whenever he tries to move it.
CLINICIAN: Do you have any other symptoms, medical conditions, or medications that might be relevant?
PATIENT: No, he’s generally healthy and doesn’t take any regular meds. He’s just been really fussy and won’t let us touch the finger, but he’s eating and drinking okay otherwise.
CLINICIAN: Is there anything else important that I should know, and what worries you most about this?
PATIENT: Honestly, the biggest worry is that he’s going to lose the use of that finger or that the nail won’t grow back right. I’m terrified he’s going to need surgery and that it’s going to leave a permanent scar or affect how he grips things later.",,,,,,,,,,
chatdoctor-hcm-058731,"How to remove a lump on my inner thigh, I am 43 year ols male weight 80 kg no medical history ,,had this small lump but recently it seems to have grown in size of mini golf ball ..no pain just it looks and feels odd ..what kind of surgery is required ? how many days leave i need to take ?","Hi, dairy have gone through your question. I can understand your concern. You may have some soft tissue tumor like lipoma, neurofibroma or some malignant tumor like liposarcoma. You should go for fine needle aspiration cytology or biopsy of that lump. It will give you exact idea. Then you should take treatment accordingly. Surgical excision is the treatment of choice for most of the soft tissue tumor. Hope I have answered your question, if you have any doubts then contact me at bit.ly/ Chat Doctor. Thanks for using Chat Doctor. Wish you a very good health.","PATIENT (opening): How to remove a lump on my inner thigh, I am 43 year ols male weight 80 kg no medical history ,,had this small lump but recently it seems to have grown in size of mini golf ball ..no pain just it looks and feels odd ..what kind of surgery is required ? how many days leave i need to take ?
CLINICIAN: How long has this been happening, and has it changed since it started?
PATIENT: It's been there for a while, maybe a year or so. But it's only recently that it started growing and looking weird. It's not painful or anything, just looks odd.
CLINICIAN: Do you have any other symptoms, medical conditions, or medications that might be relevant?
PATIENT: No, I don't have any other symptoms or medical conditions. I'm not on any medications either. I'm generally pretty healthy, just this lump that's been bothering me lately. I've never had anything like this before.
CLINICIAN: Is there anything else important that I should know, and what worries you most about this?
PATIENT: I guess that's about it. I'm not sure what's causing it or if it's something serious. That's what worries me the most, you know? I hope it's nothing bad. I just want to get it checked out and taken care of. I've been trying not to think about it too much, but it's been on my mind lately.","PATIENT (opening): How to remove a lump on my inner thigh, I am 43 year ols male weight 80 kg no medical history ,,had this small lump but recently it seems to have grown in size of mini golf ball ..no pain just it looks and feels odd ..what kind of surgery is required ? how many days leave i need to take ?
CLINICIAN: How long has this been happening, and has it changed since it started?
PATIENT: It’s been there for a few months, but it was really tiny before. I only noticed it getting bigger like a mini golf ball in the last couple of weeks. It’s not hurting, just feels weird when I walk.
CLINICIAN: Do you have any other symptoms, medical conditions, or medications that might be relevant?
PATIENT: No, I’m pretty healthy otherwise. No other lumps, no fever, and I don’t take any regular meds. Just this one spot on my inner thigh that’s bugging me.
CLINICIAN: Is there anything else important that I should know, and what worries you most about this?
PATIENT: Honestly, the main worry is that it’s growing. I just want to know if it’s something serious or if it’s easy to fix. I’m also a bit nervous about the surgery part—will I need a lot of time off work?",,,,,,,,,,
chatdoctor-hcm-063207,"I ve been suffering from swollen legs feet and red rash all over that changes colour to purple,my joints are always tender and my hands wrists and fingers are always very painfull, and recently I have starting having trouble breathing and skin peeling of my toes feet and fingers,just last night I noticed a red blood like blister on the back of my foot and someone that looked like a small black piece of soot fell out I ve been to my local drs on a regular basis but they don t seem to do anything or seem interested","Hi, Sorry to hear about your condition but from the report that you have given I can briefly I say it's a case of Psoriasis arthritis. In this condition there is Psoriasis of skin, multiple joint pain especially the fingers and toes and restlessness. The treatment is mainly related to the symptoms that show up. For this you need to visit a Rheumatologist. However, I would suggest you to talk to him about a new line of treatment called biologics that has stood helpful in treating such genetic conditions. Hope I have answered your query. Let me know if I can assist you further.","PATIENT (opening): I ve been suffering from swollen legs feet and red rash all over that changes colour to purple,my joints are always tender and my hands wrists and fingers are always very painfull, and recently I have starting having trouble breathing and skin peeling of my toes feet and fingers,just last night I noticed a red blood like blister on the back of my foot and someone that looked like a small black piece of soot fell out I ve been to my local drs on a regular basis but they don t seem to do anything or seem interested
CLINICIAN: How long has this been happening, and has it changed since it started?
PATIENT: It’s been going on for a few months now, maybe longer. It started with just the joint pain and the rash, but lately it’s gotten much worse. The swelling in my legs is constant, and the breathing trouble is new, which is really scaring me.
CLINICIAN: Do you have any other symptoms, medical conditions, or medications that might be relevant?
PATIENT: I don't have any other major conditions that I know of, and I'm not really on any regular meds, just some over-the-counter painkillers for the joints when it gets bad.

The main thing is how much it's affecting my daily life; I can barely grip things with my hands anymore, and the skin peeling is getting really annoying and painful.
CLINICIAN: Is there anything else important that I should know, and what worries you most about this?
PATIENT: Honestly, the breathing trouble is what scares me the most. It feels like I can't get a full breath sometimes, even when I'm just sitting still.

I'm also really frustrated because I feel like I'm being ignored by my local doctors. I just want someone to actually look at me and tell me what's going on, because I'm worried this is getting worse fast.","PATIENT (opening): I ve been suffering from swollen legs feet and red rash all over that changes colour to purple,my joints are always tender and my hands wrists and fingers are always very painfull, and recently I have starting having trouble breathing and skin peeling of my toes feet and fingers,just last night I noticed a red blood like blister on the back of my foot and someone that looked like a small black piece of soot fell out I ve been to my local drs on a regular basis but they don t seem to do anything or seem interested
CLINICIAN: How long has this been happening, and has it changed since it started?
PATIENT: It's been going on for a few months now. It started with just the rash and joint pain, but it's gotten worse over time. The swelling in my legs and feet came later, and the breathing trouble is the newest thing. It's all been really frustrating, and I'm not sure what's causing it.
CLINICIAN: Do you have any other symptoms, medical conditions, or medications that might be relevant?
PATIENT: I don't have any other major medical conditions that I know of. I'm not on any regular medications, just some over-the-counter pain relievers for my joints. I haven't really noticed any other symptoms besides what I mentioned. I do feel really tired most of the time, but I thought that was just from not sleeping well because of the pain. I'm not sure if that's relevant or not. I've been trying to keep track of everything, but it's been hard. I'm just really hoping we can figure out what's going on.
CLINICIAN: Is there anything else important that I should know, and what worries you most about this?
PATIENT: I guess the thing that worries me the most is that it seems to be getting worse, and I don't know why. I'm also really worried about the breathing trouble. It's scary, and I'm not sure what's causing it. I've been trying to keep track of everything, but it's been hard. I'm just really hoping we can figure out what's going on. I'm also a bit worried because my doctor doesn't seem too concerned, and I feel like I'm just running in circles. I'm not sure if that's important or not, but it's been really frustrating.",,,,,,,,,,
chatdoctor-hcm-066964,"hello sir, I really dont know whats wrong with me....it seems that i have forgotten the way i use to think....the way i was....now each day i feel i am only getting worse...i dont know what to do...my brain has completely become numb..please help me...","Hello, It seems you are suffering from an underlying depressive or anxiety disorder which is resulting in your becoming numb and not able to think correctly. I would suggest that you consult a psychiatrist for a complete evaluation and initiating treatment. Medication like Escitalopram or sertraline would be effective in your condition. Hope I have answered your query. Let me know if I can assist you further.","PATIENT (opening): hello sir, I really dont know whats wrong with me....it seems that i have forgotten the way i use to think....the way i was....now each day i feel i am only getting worse...i dont know what to do...my brain has completely become numb..please help me...
CLINICIAN: How long has this been happening, and has it changed since it started?
PATIENT: It's been a few months now, I guess. It started with just feeling a bit off, but it's gotten worse over time. I can't really pinpoint when it began to change, it's just been a slow decline. I used to be so sharp, and now I feel like I'm just going through the motions.
CLINICIAN: Do you have any other symptoms, medical conditions, or medications that might be relevant?
PATIENT: I don't think I have any other symptoms, at least nothing physical. I've always been pretty healthy, no major medical conditions. I'm not on any medication, either. I just feel like my mind is foggy all the time, and I can't seem to shake it off. It's like I'm stuck in this rut, and I can't find my way out. I've been trying to push through it, but it's getting harder every day. I've been having trouble sleeping too, but I don't know if that's related.
CLINICIAN: Is there anything else important that I should know, and what worries you most about this?
PATIENT: I don't know if this is important, but I've been really irritable lately. I snap at people over nothing, and I feel bad about it afterwards. I've also been having trouble concentrating at work. I'm worried that I'm going to lose my job if I can't get it together. I'm most worried about what's happening to my mind. I feel like I'm losing myself, and I don't know how to stop it. It's scary, and I just want to feel like myself again. I've been feeling really hopeless lately, like nothing is going to get better.","PATIENT (opening): hello sir, I really dont know whats wrong with me....it seems that i have forgotten the way i use to think....the way i was....now each day i feel i am only getting worse...i dont know what to do...my brain has completely become numb..please help me...
CLINICIAN: How long has this been happening, and has it changed since it started?
PATIENT: It’s been... maybe a few weeks? It started slowly, just feeling a bit foggy, but now it’s like a wall. I can’t focus on anything, even simple things. It’s definitely getting worse, not better.
CLINICIAN: Do you have any other symptoms, medical conditions, or medications that might be relevant?
PATIENT: I don’t take any regular meds, and I don’t think I have any other health issues. It’s just this... heaviness in my head. I feel like I’m not myself anymore, and I’m really scared it’s going to get worse.
CLINICIAN: Is there anything else important that I should know, and what worries you most about this?
PATIENT: I’m just terrified that I’m losing my mind or that something is seriously wrong with my brain. I can’t sleep well, and I just feel empty inside. I don’t know how to fix this.",,,,,,,,,,
chatdoctor-hcm-067732,Hi My dad is in his 70s and his nose is bleeding continuously for 2 days now. He is int he hospital but drs cannot find a solution yet. He is a nose cancer survivor and used to get nose bleeds often. But not like this. Do you have an answer for this? Thanks,Nose bleed (epistaxis) in nose cancer survivor can be due to a recurrence or complications of treatment (I presume that the cancer was treated with radiation therapy). If there is no evidence of disease recurrence on examination or imaging studies then complication of radiation therapy resulting in atrophy of lining (mucosa) and telangiectasia (dilated capillaries) is a possibility. If nasal packing with a Chat Doctor. I hope it is of help to you. Please discuss it with your treating doctors.,"PATIENT (opening): Hi My dad is in his 70s and his nose is bleeding continuously for 2 days now. He is int he hospital but drs cannot find a solution yet. He is a nose cancer survivor and used to get nose bleeds often. But not like this. Do you have an answer for this? Thanks
CLINICIAN: How long has this been happening, and has it changed since it started?
PATIENT: It’s been going on for two days straight now. It started as a regular bleed, but it just won’t stop. It’s not like his usual ones that go away after a bit; this is constant and really worrying us.
CLINICIAN: Do you have any other symptoms, medical conditions, or medications that might be relevant?
PATIENT: He’s on blood thinners for a heart condition, which I know can make bleeding worse. Other than that, he’s just really tired and weak from losing so much blood. He doesn’t have any other major issues that I know of.
CLINICIAN: Is there anything else important that I should know, and what worries you most about this?
PATIENT: Honestly, the biggest worry is that it’s not stopping. We’re just scared it might be something coming back, you know? The doctors are trying packing and stuff, but it’s just not working.","PATIENT (opening): Hi My dad is in his 70s and his nose is bleeding continuously for 2 days now. He is int he hospital but drs cannot find a solution yet. He is a nose cancer survivor and used to get nose bleeds often. But not like this. Do you have an answer for this? Thanks
CLINICIAN: How long has this been happening, and has it changed since it started?
PATIENT: It's been going on for about two days straight now. It started as a small trickle, but it's gotten worse since then. It's been pretty much non-stop, and it's really concerning because it's not like his usual nosebleeds. He's had them before, but never this bad or this long.
CLINICIAN: Do you have any other symptoms, medical conditions, or medications that might be relevant?
PATIENT: He doesn't have any other symptoms that we can tell. He's been a bit tired, but that's probably from the lack of sleep and stress. He's got high blood pressure, but that's been stable. He's on some meds for that and a couple of others for his cholesterol and something for his prostate. He's been taking them all like normal. He's not on any blood thinners or anything like that.
CLINICIAN: Is there anything else important that I should know, and what worries you most about this?
PATIENT: I guess the thing that worries me the most is that the doctors in the hospital can't seem to stop the bleeding. They've tried a few things, but nothing seems to work. I'm just really worried that there's something more serious going on, you know? Like, what if it's a sign that the cancer is coming back? That's what's been keeping me up at night. I mean, he's had nosebleeds before, but never like this. It's just so scary not knowing what's going on.",,,,,,,,,,
chatdoctor-hcm-070705,"Hi. I was recently diagonesed with Hepatitis A which resulted into Jaundice . My enzymes levels were significantly elevated and bilirubin was raised to 13. After several LFTs, now my enzyme level has come down but bilirubin still seems to be high. How much time does it normally takes for Bilirubin to come down to normal?","Hello, Gaurav.Khan, I am glad that you are recovering from acute hepatitis-A. Rest assured that you will completely recover from this without any residual damage to the liver. This does not go into a chronic phase like Type-B or Type-C hepatitis. Your enzymes have been coming down and so will the serum bilirubin. Usually, it takes about 4 weeks for all the lab results come back normal. I want you to make sure that you take a good Super B-Complex Vitamin along with Vital 1000 mg. daily. Follow a good high protein diet, cutting back on fatty and greasy foods. I wish you well.","PATIENT (opening): Hi. I was recently diagonesed with Hepatitis A which resulted into Jaundice . My enzymes levels were significantly elevated and bilirubin was raised to 13. After several LFTs, now my enzyme level has come down but bilirubin still seems to be high. How much time does it normally takes for Bilirubin to come down to normal?
CLINICIAN: How long has this been happening, and has it changed since it started?
PATIENT: It’s been about three weeks since I first noticed the yellowing and got diagnosed. The enzymes have definitely been trending down over the last few weeks, which is good, but the bilirubin just seems to be stuck high for now.
CLINICIAN: Do you have any other symptoms, medical conditions, or medications that might be relevant?
PATIENT: No, I don't have any other medical conditions or take any regular medications. I just feel a bit tired and my appetite isn't what it used to be, but nothing else major.
CLINICIAN: Is there anything else important that I should know, and what worries you most about this?
PATIENT: I’m mostly just worried that the bilirubin isn’t dropping as fast as the enzymes. Does that mean something is wrong, or is it just taking longer?","PATIENT (opening): Hi. I was recently diagonesed with Hepatitis A which resulted into Jaundice . My enzymes levels were significantly elevated and bilirubin was raised to 13. After several LFTs, now my enzyme level has come down but bilirubin still seems to be high. How much time does it normally takes for Bilirubin to come down to normal?
CLINICIAN: How long has this been happening, and has it changed since it started?
PATIENT: It's been about a month since I was diagnosed. My skin was really yellow at first, and I felt super tired and nauseous. The yellowing has faded a bit, but I still feel a little off. I've been trying to eat better and rest more, like the doctor said.
CLINICIAN: Do you have any other symptoms, medical conditions, or medications that might be relevant?
PATIENT: I don't think so. I mean, I've always been pretty healthy. I don't take any regular medications, just some painkillers when I have a headache. I've been trying to avoid those since this all started, though. I guess I've been a bit more tired than usual, but that's about it. I've been trying to drink lots of water and eat light meals, like the doctor suggested. I've been trying to avoid fatty foods.
CLINICIAN: Is there anything else important that I should know, and what worries you most about this?
PATIENT: I guess I'm just worried about how long this will last. I have a big project coming up at work, and I'm not sure if I'll be able to focus and get it done. I've been feeling a bit better each day, but it's still slow. I just want to make sure I'm doing everything I can to get better faster. I've been trying to follow the doctor's advice, but I'm not sure if there's anything else I should be doing. I've been trying to avoid alcohol and any medications that might hurt my liver.",,,,,,,,,,
chatdoctor-hcm-073218,"hi am azharuddin from india 25 years of age am a civil engg. my skin is dry from last 6 months my skin is becoming dark. i used the product also by seeing the add the product is (glo rapid fairness cream) but after applying it my skin become more dark,i stopped the product. the company memb has called me and they saying that. it impossible to get black after using glo product.they saying that we have prepared the product in b.lab. what i has to do to improve my skin tone from black. please give you suggestion. your quick response is highly appreciated thank you.","Hello, Thank you for posting on Chat Doctor. Complexion of any person is having two components; constitutive, one which is predetermined by genetics and racial factors and usually can be changed with any treatment. The other component is due to external agents like environmental exposure, sunlight, use of any cosmetics etc. and is amenable to treatment. I would suggest you to stop the current medicated cream you are using as it might contain harmful ingredients which can aggravate your pigmentation. Use a plain moisturizer like detail DAM on daily basis for Chat Doctor. You can get a series of chemical peels, which actually remove the upper dead layers of skin and stimulate regeneration of collagen and thus newer layers of skin. Many options are available in chemical peels depending on the requirement and skin type. (Glycol peel, retinol peel, cocktail peel etc.)Also, chemical peeling can be preceded by a simple procedure called microdermabrasion or commonly known as skin polishing to augment the results. Also, at home you can try using cream containing comic acid, betray","PATIENT (opening): hi am azharuddin from india 25 years of age am a civil engg. my skin is dry from last 6 months my skin is becoming dark. i used the product also by seeing the add the product is (glo rapid fairness cream) but after applying it my skin become more dark,i stopped the product. the company memb has called me and they saying that. it impossible to get black after using glo product.they saying that we have prepared the product in b.lab. what i has to do to improve my skin tone from black. please give you suggestion. your quick response is highly appreciated thank you.
CLINICIAN: How long has this been happening, and has it changed since it started?
PATIENT: It has been like this for about 6 months now. It started as just dryness, but then the darkness crept in. Since I stopped using that cream, it hasn't gotten any better, just stayed the same.
CLINICIAN: Do you have any other symptoms, medical conditions, or medications that might be relevant?
PATIENT: No, I don't have any other medical conditions or take any regular medicines. I am generally healthy, just a bit stressed with my engineering work. It's really just the skin that's bothering me.
CLINICIAN: Is there anything else important that I should know, and what worries you most about this?
PATIENT: I am a civil engineer, so I am often out in the sun on site, but I didn't think that would cause this much darkening. My biggest worry is that I can't get my normal skin tone back and I feel really self-conscious about it.","PATIENT (opening): hi am azharuddin from india 25 years of age am a civil engg. my skin is dry from last 6 months my skin is becoming dark. i used the product also by seeing the add the product is (glo rapid fairness cream) but after applying it my skin become more dark,i stopped the product. the company memb has called me and they saying that. it impossible to get black after using glo product.they saying that we have prepared the product in b.lab. what i has to do to improve my skin tone from black. please give you suggestion. your quick response is highly appreciated thank you.
CLINICIAN: How long has this been happening, and has it changed since it started?
PATIENT: It's been about 6 months since my skin started feeling really dry. At first, it was just dryness, but then I noticed my skin tone starting to change, becoming darker. It's been like this for the past 4-5 months. I tried that fairness cream hoping it would help, but it made it worse. I stopped using it a month ago, but my skin is still dark and dry.
CLINICIAN: Do you have any other symptoms, medical conditions, or medications that might be relevant?
PATIENT: No, I don't have any other major symptoms or medical conditions. I'm generally healthy. I don't take any regular medications, just some painkillers occasionally if I have a headache. I do feel a bit itchy sometimes, but it's not too bad. I think it's just because my skin is so dry. I'm not sure if that's relevant, though. I'm just really worried about my skin getting darker. It's affecting my confidence, you know?
CLINICIAN: Is there anything else important that I should know, and what worries you most about this?
PATIENT: I don't think there's anything else major. I mean, I work outdoors a lot because of my job, so I'm exposed to the sun quite a bit. I've always used sunscreen, but maybe it's not enough? I'm not sure. What worries me the most is that my skin is getting darker and darker. I've tried that cream, and it didn't work. I'm afraid that I won't be able to fix this, and it will just keep getting worse. I don't want to look like this forever. It's really affecting my self-esteem.",,,,,,,,,,
chatdoctor-hcm-076605,My name is Dilawar Hussain my daughter Name is Madeeha.she is suffering for last 10 years from asthma so please advice me what should i do .I have referred many specialists in the field but effect of the treatment is temprory. Can you recommand any good doctor in my city .(karachi).Waiting for your reply.Thanks in advance.,"Hello Delaware As you mentioned that your daughter is having ASTHMA, so first I want to tell you that don't be so desperate as this is very common in this Sub Continent and reason is allergy so call as asthmatic allergic bronchitis. Pollen, hay, fodder, fumes, smoking 9 active or passive), sudden rise and fall of temperature, mite, pests (cockroaches) pets (cats and dogs in house) are certain predisposing factors for this type of allergy. Bronchoconstriction is the main cause of such symptoms. Take these measure","PATIENT (opening): My name is Dilawar Hussain my daughter Name is Madeeha.she is suffering for last 10 years from asthma so please advice me what should i do .I have referred many specialists in the field but effect of the treatment is temprory. Can you recommand any good doctor in my city .(karachi).Waiting for your reply.Thanks in advance.
CLINICIAN: How long has this been happening, and has it changed since it started?
PATIENT: It's been 10 years now. It started when she was about 8 years old. It seems like it's been getting worse over time, especially during the change of seasons. She has good days and bad days, but the bad days are becoming more frequent.
CLINICIAN: Do you have any other symptoms, medical conditions, or medications that might be relevant?
PATIENT: Well, she does have some allergies. She sneezes a lot and her nose gets stuffy, especially when there's a lot of dust or pollen around. She's been on different inhalers and medications over the years, but like I said, the relief is temporary. She doesn't have any other major health issues that I can think of. She is 18 years old now.
CLINICIAN: Is there anything else important that I should know, and what worries you most about this?
PATIENT: What worries me the most is that she has these really bad episodes where she can't breathe properly, and it scares us both. Sometimes, she has to use her inhaler multiple times a day, and it's just not sustainable. I'm also worried about her missing out on things, like school or social activities, because of her asthma. I just want her to live a normal life, like other kids her age. She has been missing school a lot.","PATIENT (opening): My name is Dilawar Hussain my daughter Name is Madeeha.she is suffering for last 10 years from asthma so please advice me what should i do .I have referred many specialists in the field but effect of the treatment is temprory. Can you recommand any good doctor in my city .(karachi).Waiting for your reply.Thanks in advance.
CLINICIAN: How long has this been happening, and has it changed since it started?
PATIENT: It has been going on for about 10 years now. It hasn't really changed much, just that the treatments seem to stop working after a while, and then the symptoms come back.
CLINICIAN: Do you have any other symptoms, medical conditions, or medications that might be relevant?
PATIENT: I don't know about other conditions, but she is always on inhalers and some tablets the doctors give her. I just feel like it's always the same cycle of getting better and then getting worse again.
CLINICIAN: Is there anything else important that I should know, and what worries you most about this?
PATIENT: I am just very worried because she is so young and this has been going on for a decade. It feels like we are just putting a band-aid on it, and I am scared it might get worse or she might have a severe attack one day.",,,,,,,,,,
chatdoctor-hcm-081840,hi i had two teeth extractions on wedensday 2nd one didint come out easy,"Hello, Thanks for writing to us. Tooth broken next to the extracted tooth has to be replaced or extracted for permanent relief. I would advise you to get a thorough clinical evaluation done. If the fracture involves pulp, tooth has to be root canal treated and crown has to be placed. If tooth cannot be saved, get it extracted. Antibiotics as well as analgesics will help to relieve pain. Meanwhile, avoid chewing on hard objects. Take care.","PATIENT (opening): hi i had two teeth extractions on wedensday 2nd one didint come out easy
CLINICIAN: How long has this been happening, and has it changed since it started?
PATIENT: It's been since Wednesday, so about 3 days now. It was pretty painful right after, but it's been kind of up and down since then. Sometimes it feels a bit better, but then it flares up again. I've been trying to take it easy, but it's been tough.
CLINICIAN: Do you have any other symptoms, medical conditions, or medications that might be relevant?
PATIENT: I've been having some swelling and a bit of a headache on that side of my face. Nothing too crazy, but it's there. I don't have any major medical conditions, just some high blood pressure that I take meds for. I'm not sure if that's relevant, though. I've been taking some ibuprofen for the pain, but it doesn't seem to help much. I've been trying to avoid anything too hard to eat, just in case.
CLINICIAN: Is there anything else important that I should know, and what worries you most about this?
PATIENT: I guess I'm just worried it's not healing right. I mean, the first tooth came out fine, but this one... it just felt different. I'm not sure if I should be concerned or if this is just normal. I've never had a tooth extraction before, so I don't really know what to expect. I just want to make sure everything is okay, you know? I don't want to end up with some big infection or something.","PATIENT (opening): hi i had two teeth extractions on wedensday 2nd one didint come out easy
CLINICIAN: How long has this been happening, and has it changed since it started?
PATIENT: It's been about four days since the procedure. The pain from the second tooth has actually gotten a bit worse since yesterday, and I'm noticing some swelling on that side of my face.
CLINICIAN: Do you have any other symptoms, medical conditions, or medications that might be relevant?
PATIENT: I'm not on any regular meds, just taking ibuprofen for the pain. I don't have any other health issues that I know of. Oh, and I did feel a little dizzy right after the procedure, but that's gone now.
CLINICIAN: Is there anything else important that I should know, and what worries you most about this?
PATIENT: Honestly, I'm just worried because the second tooth was so rough to pull. I'm scared I might have broken something or that it's not healing right. Is that even possible?",,,,,,,,,,
chatdoctor-hcm-084524,"Hi,im having a weird feeling in my upper abdomen just below the rib cage,its almost a tickle feeling or crawling,i do have some kind of cold or sinus infection ,where i feel kind of dizzy and my head is heavy,but ive never had this feeling before,its about to drive me crazy,its also like a full feeling,hard to explain,please help",Hi Thanks for askingBased on your query my opinion is1. Sinus infection and the tingling sensation are not related.2. Abdominal fullness or discomfort may be due to gastritis.3. Tingling/ tickling sensation might be due to vitamin deficiency or just a local skin reaction.4. If there is pain or mass in the rib cage or inability to move then it's of concern. It needs to be evaluated.5. Take multivitamin supplements along with anti-inflammatory agents and antibiotics for sinus infection. Hope this helpsRegards,"PATIENT (opening): Hi,im having a weird feeling in my upper abdomen just below the rib cage,its almost a tickle feeling or crawling,i do have some kind of cold or sinus infection ,where i feel kind of dizzy and my head is heavy,but ive never had this feeling before,its about to drive me crazy,its also like a full feeling,hard to explain,please help
CLINICIAN: How long has this been happening, and has it changed since it started?
PATIENT: It's been going on for about 3 days now. It's been pretty much the same, but sometimes it feels a bit more intense, like when I'm lying down or after I eat. I'm not sure if that's related, though. It's just so weird and uncomfortable.
CLINICIAN: Do you have any other symptoms, medical conditions, or medications that might be relevant?
PATIENT: I don't have any major medical conditions. I'm on birth control pills, but that's it. As for other symptoms, I've had a bit of a cough and some nasal congestion because of this cold or sinus thing. My throat is a bit sore too. Oh, and I've been feeling a bit more tired than usual. I don't know if any of that is connected to this weird feeling in my abdomen, though. I'm just really hoping it's not something serious.
CLINICIAN: Is there anything else important that I should know, and what worries you most about this?
PATIENT: I don't think so. I mean, it's just this weird sensation that's really bothering me. I guess what worries me the most is that I've never felt this before, and it's just so strange. It's like a tickle or a crawl, and it's driving me a bit crazy. I just want to know what's causing it and how to make it stop. It's not painful, but it's really uncomfortable and distracting. I've been trying to ignore it, but it's hard. I just want to feel normal again.","PATIENT (opening): Hi,im having a weird feeling in my upper abdomen just below the rib cage,its almost a tickle feeling or crawling,i do have some kind of cold or sinus infection ,where i feel kind of dizzy and my head is heavy,but ive never had this feeling before,its about to drive me crazy,its also like a full feeling,hard to explain,please help
CLINICIAN: How long has this been happening, and has it changed since it started?
PATIENT: It started maybe two or three days ago, right when the cold hit. It’s been pretty consistent, just that annoying tickle and fullness. It hasn’t really gotten worse, but it’s definitely not going away either, which is why I’m getting so worried.
CLINICIAN: Do you have any other symptoms, medical conditions, or medications that might be relevant?
PATIENT: I don't have any major medical conditions that I know of, and I'm not on any regular meds. Just the cold symptoms—congestion, that heavy head feeling, and maybe a little fatigue. I haven't taken anything for the stomach yet, just trying to push through it.
CLINICIAN: Is there anything else important that I should know, and what worries you most about this?
PATIENT: I guess the main thing that scares me is that it’s so weird and new. I’ve never felt that crawling sensation before, and combined with the dizziness from the cold, I just don’t know if it’s something serious or just my body being weird. I’m mostly worried it’s not just a simple stomach bug.",,,,,,,,,,
chatdoctor-hcm-086069,"My daughter is in usa, experiencing pain from a wisdom tooth, taking Tylenol but not helping and is using eugenol on the area which is only helpin for a short time, is there anything she can take, she is a british student and is 23 years old. Can she alternate the Tylenol with ibrufren and take one followed by the other every few hours, is there any other over the counter remedy, please help","Thanks for your query, I have gone through your query. The pain can be because of the impacted tooth. If I am your treating doctor I would have suggested you to take, a course of antibiotics like amoxicillin 500\u00a0mg and metronidazole 400\u00a0mg TID for 5 days (if you are not allergic). And painkillers like ibuprofen paracetamol combination. But the medicines provide temporary relief. Consult an oral physician and get a radiograph done to rule the amount of space present for the tooth to erupt if space is there for the tooth to erupt then the gum covering over the wisdom tooth can be removed. If the space is not available then you have to get the wisdom tooth removed. I hope my answer will help you, take care.","PATIENT (opening): My daughter is in usa, experiencing pain from a wisdom tooth, taking Tylenol but not helping and is using eugenol on the area which is only helpin for a short time, is there anything she can take, she is a british student and is 23 years old. Can she alternate the Tylenol with ibrufren and take one followed by the other every few hours, is there any other over the counter remedy, please help
CLINICIAN: How long has this been happening, and has it changed since it started?
PATIENT: It started about three days ago. It was just a dull ache at first, but now it’s throbbing pretty badly, especially when she lies down at night. The eugenol helps for maybe an hour, then the pain comes right back.
CLINICIAN: Do you have any other symptoms, medical conditions, or medications that might be relevant?
PATIENT: She’s generally healthy, no major conditions that I know of. She’s not on any regular meds, just the Tylenol and the eugenol for this. I don’t think she’s allergic to anything, but I’m not 100% sure about penicillin specifically, just that she’s never had issues with antibiotics before.
CLINICIAN: Is there anything else important that I should know, and what worries you most about this?
PATIENT: Honestly, the biggest worry is that she’s a student and can’t really afford to miss classes or go to a specialist right now, so I’m hoping for a quick fix. Also, since she’s British, I’m a bit confused about what’s actually available over the counter in the US versus back home—like, is ibuprofen just as easy to get there?","PATIENT (opening): My daughter is in usa, experiencing pain from a wisdom tooth, taking Tylenol but not helping and is using eugenol on the area which is only helpin for a short time, is there anything she can take, she is a british student and is 23 years old. Can she alternate the Tylenol with ibrufren and take one followed by the other every few hours, is there any other over the counter remedy, please help
CLINICIAN: How long has this been happening, and has it changed since it started?
PATIENT: It's been going on for about a week now. It started as a dull ache, but it's gotten worse and more constant. She's having trouble sleeping because of the pain. She's been trying to manage it with Tylenol and eugenol, but it's not really helping much anymore.
CLINICIAN: Do you have any other symptoms, medical conditions, or medications that might be relevant?
PATIENT: She doesn't have any other symptoms besides the pain. She's generally healthy, no major medical conditions. She's not on any regular medications, just the Tylenol for the pain. She's not allergic to anything that she knows of. She's just really hoping to find something that can help with the pain until she can see a dentist.
CLINICIAN: Is there anything else important that I should know, and what worries you most about this?
PATIENT: She's been under a lot of stress with her studies and this pain isn't helping. She's been trying to tough it out, but it's getting harder. I'm most worried about her not being able to sleep and the pain getting worse. She's never had anything like this before, so it's a bit scary. I just want to make sure she's okay and finds some relief.",,,,,,,,,,
chatdoctor-hcm-087820,"Hello Sir, This is Vipul Sharma, from Jaipur. 10 Years ago I met with an accident. My right knee was injured but not factured. Now these days when i started jogging or morning walk, i feel alot of pain in my Knee & unable to walk aswell. Please advise. Thanks","Hello, It looks that at present you are having pain at your right knee. After ten yrs of good performance if there is pain at your knee then this is most probably not due to old injury. At present this pain can be due to","PATIENT (opening): Hello Sir, This is Vipul Sharma, from Jaipur. 10 Years ago I met with an accident. My right knee was injured but not factured. Now these days when i started jogging or morning walk, i feel alot of pain in my Knee & unable to walk aswell. Please advise. Thanks
CLINICIAN: How long has this been happening, and has it changed since it started?
PATIENT: It's been happening for about a month now. It started as a mild discomfort, but it's been getting worse, especially when I try to walk or jog. Sometimes it feels like it's swelling up a bit too.
CLINICIAN: Do you have any other symptoms, medical conditions, or medications that might be relevant?
PATIENT: I don't have any other major symptoms, but sometimes my knee feels a bit stiff in the morning. I don't have any other medical conditions that I know of. I'm not on any regular medications, just some occasional pain relievers when it gets really bad. I'm a bit worried it might be something serious, doc.
CLINICIAN: Is there anything else important that I should know, and what worries you most about this?
PATIENT: I'm not sure if this is important, but sometimes I feel like my knee gives way a little when I put weight on it. What worries me the most is that I'm quite active, and I don't want this pain to hold me back. I've been trying to push through it, but it's getting harder. I'm also a bit concerned because my dad had some knee issues in the past.","PATIENT (opening): Hello Sir, This is Vipul Sharma, from Jaipur. 10 Years ago I met with an accident. My right knee was injured but not factured. Now these days when i started jogging or morning walk, i feel alot of pain in my Knee & unable to walk aswell. Please advise. Thanks
CLINICIAN: How long has this been happening, and has it changed since it started?
PATIENT: It started about two weeks ago when I resumed my morning routine. It’s been getting a bit worse every day; now even a short walk makes it hurt quite a bit.
CLINICIAN: Do you have any other symptoms, medical conditions, or medications that might be relevant?
PATIENT: No, I don't have any other major health issues or take any regular medicines. It's just this knee pain that's bothering me.
CLINICIAN: Is there anything else important that I should know, and what worries you most about this?
PATIENT: I’m mostly worried that maybe the old injury from ten years ago is finally catching up with me. I really want to get back to jogging without pain, so I’m a bit anxious about what’s causing this sudden flare-up.",,,,,,,,,,
chatdoctor-hcm-091931,For the past couple of weeks I have been getting Charlie horses in the upper inside of my legs. Last night I got one in the left leg and just as that started letting up I got one in the right leg which lasted much longer. Today my legs feel weak and sore and I am afraid to try to do too much. I take a Potassium tablet every day.,"Hi, I feel you should try contrast bath. The method of performing is pretty simple by starting dipping the leg first in hot for 3 minutes followed by 2 minutes in cold water. Repeat this for 5-7 times and end up with hot water dipping. Post that try doing some small ankle toe movements and straight leg raise which you can hold up 5-10 counts based on your capacity. Repeat straight leg raise for 10-15 times. Perform static qua Chat Doctor. Post this try doing static hamstrings by placing towel beneath the heel and press with to heal. Hold it for up to 10-15 counts and repeat for 10-15 times. I wish you get helped and feel better thank you","PATIENT (opening): For the past couple of weeks I have been getting Charlie horses in the upper inside of my legs. Last night I got one in the left leg and just as that started letting up I got one in the right leg which lasted much longer. Today my legs feel weak and sore and I am afraid to try to do too much. I take a Potassium tablet every day.
CLINICIAN: How long has this been happening, and has it changed since it started?
PATIENT: It’s been going on for about two weeks now. It started out pretty mild, just occasional twinges, but it’s definitely getting worse. Last night was the first time I had them back-to-back like that, and the second one really lasted a long time.
CLINICIAN: Do you have any other symptoms, medical conditions, or medications that might be relevant?
PATIENT: I don't have any other major conditions that I know of, and the potassium tablet is the only thing I take regularly. I'm just really worried because my legs feel so weak and sore today that I'm hesitant to even stand up for long.
CLINICIAN: Is there anything else important that I should know, and what worries you most about this?
PATIENT: I'm mostly worried that something is seriously wrong with my legs since they feel so weak and sore today. I'm afraid to try to do too much because I don't want to make it worse, but I also don't know what's causing these cramps to keep coming back.","PATIENT (opening): For the past couple of weeks I have been getting Charlie horses in the upper inside of my legs. Last night I got one in the left leg and just as that started letting up I got one in the right leg which lasted much longer. Today my legs feel weak and sore and I am afraid to try to do too much. I take a Potassium tablet every day.
CLINICIAN: How long has this been happening, and has it changed since it started?
PATIENT: It's been a couple of weeks now. It seems like they're happening more often, and last night was the first time I got them in both legs one after the other. It's been pretty uncomfortable, especially since they've been lasting longer.
CLINICIAN: Do you have any other symptoms, medical conditions, or medications that might be relevant?
PATIENT: I don't think so. I mean, I have high blood pressure, but I've been taking medication for that for years and it's been under control. I don't know if this is related, but I've been feeling a bit more tired than usual lately. I take a potassium tablet every day, as my doctor recommended a few months back. I don't know if that's relevant, but I figured I should mention it.
CLINICIAN: Is there anything else important that I should know, and what worries you most about this?
PATIENT: I guess that's about it. I'm just really worried that it might be something serious. I mean, it hurts a lot, and now my legs feel weak and sore. I'm afraid to do too much, in case I trigger another one of those cramps. It's been hard to sleep at night too, because I'm always worried about when the next one might hit. I hope it's nothing too bad.",,,,,,,,,,
chatdoctor-hcm-094800,"Hello Dr Samul, My baby is 3 months old and suffering from cough from 3 days. Our Doctor advised to for inhalation and gave 2 syr. Epixyl LD and betnesol Oral Drop for 5 days treatment but still my baby is not keeping well and suffering a lot. Kindly advise",Howell come to ChatDoctorI really appreciate your concern. Discussion,"PATIENT (opening): Hello Dr Samul, My baby is 3 months old and suffering from cough from 3 days. Our Doctor advised to for inhalation and gave 2 syr. Epixyl LD and betnesol Oral Drop for 5 days treatment but still my baby is not keeping well and suffering a lot. Kindly advise
CLINICIAN: How long has this been happening, and has it changed since it started?
PATIENT: It started exactly 3 days ago. It hasn't really changed, if anything, it feels like it's getting worse because the baby is just so uncomfortable and not settling down.
CLINICIAN: Do you have any other symptoms, medical conditions, or medications that might be relevant?
PATIENT: No, no other conditions or meds. Just the cough. But he is feeding a bit less than usual and seems really irritable, which is why I'm so worried.
CLINICIAN: Is there anything else important that I should know, and what worries you most about this?
PATIENT: I’m just really scared because he’s so young and the cough sounds a bit wet, like there’s something stuck in his chest. I’m worried he’s struggling to breathe a little, even though I don’t see him turning blue.","PATIENT (opening): Hello Dr Samul, My baby is 3 months old and suffering from cough from 3 days. Our Doctor advised to for inhalation and gave 2 syr. Epixyl LD and betnesol Oral Drop for 5 days treatment but still my baby is not keeping well and suffering a lot. Kindly advise
CLINICIAN: How long has this been happening, and has it changed since it started?
PATIENT: It's been three days now. It started as just a little cough, but it seems to be getting worse. He's been more fussy and having trouble sleeping because of it.
CLINICIAN: Do you have any other symptoms, medical conditions, or medications that might be relevant?
PATIENT: No other major symptoms, just the cough. He's been a bit congested too, but that's about it. He doesn't have any other medical conditions. Besides the medicines the doctor gave, he's just on his usual vitamins. I'm really worried, though. He just can't seem to get comfortable.
CLINICIAN: Is there anything else important that I should know, and what worries you most about this?
PATIENT: I don't know what else to say. I'm just really worried because he's so little and he's been coughing so much. I hate seeing him like this. He's been breathing a bit fast sometimes, but I don't know if that's normal or not. I just want him to feel better.",,,,,,,,,,
chatdoctor-hcm-097148,"Hi, I m rimanshi I have pain in my tailbone form tha last 1 yr. I m doing yoga to recover this and form the last 2 3 months I feel better and comfortable. But now when I again start siting 2 or 3 hours in a day my pain is again started. Can you please tell me, is there is any permanent solution for this problem.","Hi, Thanks for your query. The pain in the coccyx that you have described can be related to coccydynia. You need to do hot site bath to decrease the inflammation in those joints. Do hot fomentation over sacrum. It will take weeks to months to subside. Use ring cushion and take site bath [sitting in lukewarm water for 10 min]Take analgesic like Nicosia 90 once daily along with tab methylcobalamine 1500 mcg once daily. If not relieved with all these methods then local injection may be required. You can take this consulting your doctor. Clinically spinal origin of pain needs to be ruled out, if required MRI spine can be done. I do hope that you have found something helpful, and I will be glad to answer any further query. Take care","PATIENT (opening): Hi, I m rimanshi I have pain in my tailbone form tha last 1 yr. I m doing yoga to recover this and form the last 2 3 months I feel better and comfortable. But now when I again start siting 2 or 3 hours in a day my pain is again started. Can you please tell me, is there is any permanent solution for this problem.
CLINICIAN: How long has this been happening, and has it changed since it started?
PATIENT: It's been about a year now. At first, it was really bad, especially when I sat down. I started doing yoga a few months ago, and it got much better. I could sit for a while without much pain. But lately, if I sit for too long, like 2 or 3 hours, the pain comes back. It's not as bad as it was, but it's still uncomfortable.
CLINICIAN: Do you have any other symptoms, medical conditions, or medications that might be relevant?
PATIENT: I don't have any other major symptoms. Sometimes my lower back feels a bit stiff, but I think that's just from sitting too much. I don't have any other medical conditions that I know of. I'm not on any regular medications, just some pain relievers when I need them. I've been trying to manage it with yoga and rest, but it's been tough lately. I'm really hoping there's something more I can do to make this go away for good.
CLINICIAN: Is there anything else important that I should know, and what worries you most about this?
PATIENT: I guess that's about it. I'm just really worried that this pain will never go away completely. I have a job that requires me to sit for long hours, and it's been hard to keep up. I'm also a bit worried about what might be causing this. I hope it's not something serious. I just want to be able to sit comfortably and not have to worry about this pain all the time. It's been really affecting my daily life and my work.","PATIENT (opening): Hi, I m rimanshi I have pain in my tailbone form tha last 1 yr. I m doing yoga to recover this and form the last 2 3 months I feel better and comfortable. But now when I again start siting 2 or 3 hours in a day my pain is again started. Can you please tell me, is there is any permanent solution for this problem.
CLINICIAN: How long has this been happening, and has it changed since it started?
PATIENT: It started about a year ago. For the first few months, it was pretty constant and annoying. But then I started doing yoga, and for the last 2 or 3 months, I actually felt much better and almost forgot about it. It’s only now that I’ve started sitting for longer periods again that the pain has come back.
CLINICIAN: Do you have any other symptoms, medical conditions, or medications that might be relevant?
PATIENT: No, I don't have any other major health issues or take any regular medications. It's really just this tailbone pain that comes and goes depending on how much I sit. I'm just worried because I thought the yoga was fixing it permanently.
CLINICIAN: Is there anything else important that I should know, and what worries you most about this?
PATIENT: I guess my biggest worry is that it keeps coming back. I thought I was cured, but now that I have to sit for work, it’s acting up again. I’m just really hoping there’s a way to stop it from recurring so I don’t have to keep dealing with this pain every time I sit for a while.",,,,,,,,,,
chatdoctor-hcm-098236,iam 25year old . after my 1st delivery i had a severe pain in back hipbone and my doctor advised to take tab microcid 25mg regularly ... daily in the night i was taken the tab almost three years .. now what i want to know is we plan for a second baby and what are precaution i have to follow . is there any problem if i continue the tab in the pregnancy period what are the side effects are happen ....myself and the baby . one of my friend told me is there severe problem could happen if i take the tab... give me the best suggestions so i will get an better idea ...,"Hello, If you are planning for a baby again then the medicine you mentioned should be stopped. Since its painkillers, these are not good for the pregnancy. Rather taking medicine for pain during pregnancy stick to hot water fermentation and peripartum exercises. This will help to reduce pain and no trouble to the baby as well. Also, as you had back and hip pain I think you have muscle weakness and needs to work out behind it to get it strengthened. If you are planning for a baby do peripartum exercises and not for now. As any abdominal exercises will have negative effects over the baby for now. Wait till the pregnancy duration is over and do pre par tum exercises. Hope I have answered your query. Let me know if I can assist you further. Jay In Chat Doctor.","PATIENT (opening): iam 25year old . after my 1st delivery i had a severe pain in back hipbone and my doctor advised to take tab microcid 25mg regularly ... daily in the night i was taken the tab almost three years .. now what i want to know is we plan for a second baby and what are precaution i have to follow . is there any problem if i continue the tab in the pregnancy period what are the side effects are happen ....myself and the baby . one of my friend told me is there severe problem could happen if i take the tab... give me the best suggestions so i will get an better idea ...
CLINICIAN: How long has this been happening, and has it changed since it started?
PATIENT: So, the pain started right after my first delivery, almost three years ago. It was really bad at first, but the medicine helped a lot. It's been more manageable since then, but it's still there, especially when I'm on my feet for too long or after I've been sitting for a while. I've just gotten used to it, I guess. I'm just worried about what it means for another pregnancy.
CLINICIAN: Do you have any other symptoms, medical conditions, or medications that might be relevant?
PATIENT: No, I don't think so. I mean, I've always been pretty healthy. I don't have any other major issues that I can think of. I'm not on any other medications besides the Microcid. I've just been trying to manage the pain and live my life, you know? I'm just really hoping that I can have another baby without any problems. I'm a bit nervous, to be honest.
CLINICIAN: Is there anything else important that I should know, and what worries you most about this?
PATIENT: I guess I should mention that I've been trying to stay active, but it's hard sometimes because of the pain. I try to do some light exercises and stuff, but I don't know if I'm doing enough. I'm just really worried about the pain getting worse with another pregnancy and if the medicine is safe for the baby. My friend said something about it not being good for the baby, and now I can't stop thinking about it. I just want what's best for my baby, you know? I don't want to do anything that might hurt them.","PATIENT (opening): iam 25year old . after my 1st delivery i had a severe pain in back hipbone and my doctor advised to take tab microcid 25mg regularly ... daily in the night i was taken the tab almost three years .. now what i want to know is we plan for a second baby and what are precaution i have to follow . is there any problem if i continue the tab in the pregnancy period what are the side effects are happen ....myself and the baby . one of my friend told me is there severe problem could happen if i take the tab... give me the best suggestions so i will get an better idea ...
CLINICIAN: How long has this been happening, and has it changed since it started?
PATIENT: I have been taking the tablet for almost three years now, every night. The pain started right after my first delivery, and honestly, it’s been pretty much the same since then. It’s just that pain in my back and hipbone that never really went away completely, so I kept taking the medicine as advised.
CLINICIAN: Do you have any other symptoms, medical conditions, or medications that might be relevant?
PATIENT: No, I don't have any other medical conditions or take any other medicines. It's just this back and hip pain that's been bothering me since the first baby. I'm really worried because my friend said taking painkillers during pregnancy could be bad for the baby, and I don't want to take any risks.
CLINICIAN: Is there anything else important that I should know, and what worries you most about this?
PATIENT: Honestly, the biggest worry is that if I stop the medicine, the pain might come back really bad, but if I keep taking it, I'm terrified it will hurt my baby. I just want to know if I should stop it right now before we try to conceive, or if there's a safer way to manage the pain while I'm pregnant.",,,,,,,,,,
chatdoctor-hcm-100523,i have a friend who has stage 4 colon cancer spread to liver and lung he has survived about 5 years his bowel keeps on getting twisted and he vomits because of it they know have found a hole in the stomach he has a baghe is back at sloan kettering conscious in a good mood but has a morphine drip is this the final stage of life for him,"Hi and welcome to Chat Doctor, thank you for your query. It seems like this is terminal stage of malignant disease, unfortunately. I suppose that he is not a candidate for surgical procedure anymore, and he is probably too weak for chemotherapy so the treatment is palliative, and it is hard to predict his life expectancy. It is most important now to fight against pain a dinfections and give him emotional support. Wish you good health. Regards","PATIENT (opening): i have a friend who has stage 4 colon cancer spread to liver and lung he has survived about 5 years his bowel keeps on getting twisted and he vomits because of it they know have found a hole in the stomach he has a baghe is back at sloan kettering conscious in a good mood but has a morphine drip is this the final stage of life for him
CLINICIAN: How long has this been happening, and has it changed since it started?
PATIENT: It's been happening for a few months now. It started with just some discomfort and occasional vomiting, but it's gotten worse recently. The twisting and vomiting have become more frequent, and that's when they found the hole in his stomach. He's been in and out of the hospital a lot lately.
CLINICIAN: Do you have any other symptoms, medical conditions, or medications that might be relevant?
PATIENT: Well, besides the cancer, he's been dealing with some weakness and fatigue lately. He's been on a lot of pain meds, mostly morphine, and some other stuff to help with nausea. He's also been on antibiotics a few times because of infections. He's been using a colostomy bag for a while now because of the issues with his bowel. He's been pretty good about taking his meds, but it's been tough on him.
CLINICIAN: Is there anything else important that I should know, and what worries you most about this?
PATIENT: I guess the most worrying thing is that he's been losing weight rapidly lately, even though he's been trying to eat. He's always been pretty active, but now he gets tired just walking around the room. He's been pretty upbeat, but I can see it's taking a toll on him. He's been talking about not wanting to be a burden, which is really hard to hear. I just want him to be comfortable and not in pain.","PATIENT (opening): i have a friend who has stage 4 colon cancer spread to liver and lung he has survived about 5 years his bowel keeps on getting twisted and he vomits because of it they know have found a hole in the stomach he has a baghe is back at sloan kettering conscious in a good mood but has a morphine drip is this the final stage of life for him
CLINICIAN: How long has this been happening, and has it changed since it started?
PATIENT: It’s been going on for a few weeks now, but it’s definitely gotten worse recently. The vomiting started when the twisting got bad, and then they found the hole in his stomach, which is why he’s back at Sloan Kettering now.
CLINICIAN: Do you have any other symptoms, medical conditions, or medications that might be relevant?
PATIENT: I don't know his full medical history, but he's been on chemo for a while, though I think they stopped that recently because he was getting too weak. He's on the morphine drip now for pain, and obviously, he has the bag for the bowel issues.
CLINICIAN: Is there anything else important that I should know, and what worries you most about this?
PATIENT: Honestly, the biggest worry is that he's just so tired and weak now, even though he's still smiling and joking. It’s hard to tell if he’s actually getting better or if he’s just too exhausted to show it. I just want to know if I should be preparing for the worst, you know?",,,,,,,,,,
chatdoctor-hcm-100532,"I had my gallbladder removed in 1998. I started experiencing pain which has started to increase where my gallbadder use to be.  My stools have turned yellow, which started 4 days ago.  Lately, I feel shortness of breath, as well.  Any ideas of whats going on?","Hi.noted history of gallbladder surgery several years back and discoloration of stools. Some things to consider are stones recurring somewhere along your hepaticopancreaticobiliary tree area, where your gallbladder was previously situated. It is best if you do a follow-up consult with your surgeon, for physical examination and clinical evaluation. Diagnostics (such as ERCP, ultrasound, liver function tests, bilirubin, etc.) and management (medical and/or surgical if indications are found) will be directed accordingly. Hope this helps. Good day!!~ Chat Doctor.","PATIENT (opening): I had my gallbladder removed in 1998. I started experiencing pain which has started to increase where my gallbadder use to be.  My stools have turned yellow, which started 4 days ago.  Lately, I feel shortness of breath, as well.  Any ideas of whats going on?
CLINICIAN: How long has this been happening, and has it changed since it started?
PATIENT: It's been about a week since the pain started, but it's been getting worse the last few days.  It's mostly on the right side, under my ribs.  The yellow stools started about 4 days ago.  The shortness of breath is new, just started yesterday.  I've been feeling a bit off, but I didn't think much of it until now.
CLINICIAN: Do you have any other symptoms, medical conditions, or medications that might be relevant?
PATIENT: I don't have any other major symptoms, just some nausea sometimes.  I've had high blood pressure for a while, but it's been under control with medication.  I'm not on any other meds besides that and a daily multivitamin.  I haven't been feeling like eating much lately, but I thought it was just stress.  I've been trying to rest more, but the pain keeps waking me up at night.  I'm starting to get a bit worried, to be honest.
CLINICIAN: Is there anything else important that I should know, and what worries you most about this?
PATIENT: I guess I should mention that I've been having some really bad heartburn lately, too.  It's been burning in my chest and up my throat.  I've been trying to avoid spicy foods, but it doesn't seem to help.  I'm most worried about the pain and the shortness of breath.  I hope it's not something serious.  I just want to feel better.  I've been trying to push through it, but it's getting harder to ignore.  I've been feeling really tired, too.  I've been sleeping a lot, but I still feel exhausted.  I'm just really hoping it's nothing too bad.","PATIENT (opening): I had my gallbladder removed in 1998. I started experiencing pain which has started to increase where my gallbadder use to be.  My stools have turned yellow, which started 4 days ago.  Lately, I feel shortness of breath, as well.  Any ideas of whats going on?
CLINICIAN: How long has this been happening, and has it changed since it started?
PATIENT: The yellow stools started about four days ago. The pain has been there for a bit longer, but it’s definitely gotten worse over the last few days. I’m not sure if the shortness of breath is related or just me being out of shape, but it’s new.
CLINICIAN: Do you have any other symptoms, medical conditions, or medications that might be relevant?
PATIENT: I don’t have any other major conditions that I know of, and I’m not on any regular medications. It’s just the pain, the stool color, and that weird breathlessness. I’m really worried because I thought I was done with gallbladder issues after the surgery.
CLINICIAN: Is there anything else important that I should know, and what worries you most about this?
PATIENT: I’m mostly worried that something is still wrong with my bile ducts or liver since I don’t have a gallbladder anymore. The pain is getting harder to ignore, and the yellow stools are really unsettling. I just want to know if this is something I need to rush to the ER for or if I can wait for a regular appointment.",,,,,,,,,,
chatdoctor-hcm-100992,Hi- I fell down some stairs last night and have scrapes and bruises on both knees and my shin. Both knees are a bit swollen and is my shin but I can walk without much pain. The skin where I hit my shin is numb and there is barely any bruising at this point. I assume I hit it so hard that the bruising will come out over the next day or two. Should I be concerned about the area of skin that is numb to the touch?,"Hello, I read carefully your query and understand your concern. The symptoms seem to be related to the injury. I suggest doing a X-ray of the knees for further evaluation. Meanwhile, I suggest using anti-inflammatory medications such as Acetaminophen to relieve the pain. I also suggest using cold compresses for local application. Hope my answer was helpful. If you have further queries feel free to contact me again. Kind regards!  Chat Doctor.","PATIENT (opening): Hi- I fell down some stairs last night and have scrapes and bruises on both knees and my shin. Both knees are a bit swollen and is my shin but I can walk without much pain. The skin where I hit my shin is numb and there is barely any bruising at this point. I assume I hit it so hard that the bruising will come out over the next day or two. Should I be concerned about the area of skin that is numb to the touch?
CLINICIAN: How long has this been happening, and has it changed since it started?
PATIENT: It's been since last night when I fell. The numbness on my shin has been there ever since I got up from the fall. It hasn't changed much, but I'm not sure if that's normal. I'm just worried because I've never had numbness from a bruise before.
CLINICIAN: Do you have any other symptoms, medical conditions, or medications that might be relevant?
PATIENT: I don't have any major medical conditions that I can think of. I'm not on any regular medications either. I guess I'm just a bit worried because the numbness is weird. I mean, I can walk and everything, but it's just strange that I can't feel that spot on my shin. I did take some ibuprofen earlier for the pain in my knees, but that's about it.
CLINICIAN: Is there anything else important that I should know, and what worries you most about this?
PATIENT: I'm not sure if this is important, but I did hit my head a bit too, but I didn't lose consciousness or anything. I just have a small bump on the back of my head. What worries me the most is the numbness on my shin. I've never had that happen before, and I'm not sure if it's something I should be really concerned about. I mean, I can walk and everything seems to be working fine, but that numb spot is just weird.","PATIENT (opening): Hi- I fell down some stairs last night and have scrapes and bruises on both knees and my shin. Both knees are a bit swollen and is my shin but I can walk without much pain. The skin where I hit my shin is numb and there is barely any bruising at this point. I assume I hit it so hard that the bruising will come out over the next day or two. Should I be concerned about the area of skin that is numb to the touch?
CLINICIAN: How long has this been happening, and has it changed since it started?
PATIENT: It happened last night, so it's been about 12 hours. The swelling is pretty much the same, maybe a tiny bit more noticeable this morning, but the numbness on my shin hasn't changed at all. It just feels like a patch of skin that isn't there.
CLINICIAN: Do you have any other symptoms, medical conditions, or medications that might be relevant?
PATIENT: No, I don't have any other symptoms really. I'm generally healthy and don't take any daily medications. I just took some ibuprofen earlier for the pain, but that's it.
CLINICIAN: Is there anything else important that I should know, and what worries you most about this?
PATIENT: Honestly, the numbness is what's bugging me the most. I know bruises take time to show up, but I'm worried that if the skin is dead to touch, maybe I damaged a nerve or something serious underneath. Is that even possible from just falling down stairs?",,,,,,,,,,
chatdoctor-hcm-106114,"hi Doctor my blood report says Microcytic hypochromic with moderate anisopoikilocytosis, which is an outcome of my RBC peripheral smear. Whereas WBC and Platelets seems normal and adequate respectively on reports. Report advice is HPLC to rule out Thal Trait. Kindly explain this and suggest a way ahead.","You have hypodermic microcytic anemia. Now there are few causes of that. The most common cause is iron deficiency, and other is thalassemia minor. Chronic disease may lead to hypodermic microcytic anemia and some rare causes is neuroblastic anemia. But most of the time its common thing like iron deficiency and sometimes thalassemia minor. So go for s.ferritin and s. iron and HPLC. Then take treatment accordingly. You are on perfect way.","PATIENT (opening): hi Doctor my blood report says Microcytic hypochromic with moderate anisopoikilocytosis, which is an outcome of my RBC peripheral smear. Whereas WBC and Platelets seems normal and adequate respectively on reports. Report advice is HPLC to rule out Thal Trait. Kindly explain this and suggest a way ahead.
CLINICIAN: How long has this been happening, and has it changed since it started?
PATIENT: I’m not sure exactly how long, to be honest. I just got these results back from a routine checkup I did last week, so I didn’t really notice any specific changes before that. It’s mostly just the report that’s worrying me now.
CLINICIAN: Do you have any other symptoms, medical conditions, or medications that might be relevant?
PATIENT: I don’t have any major medical conditions, and I’m not on any regular medications. I just felt a bit more tired than usual lately, but I figured it was just stress. Is that something I should be worried about?
CLINICIAN: Is there anything else important that I should know, and what worries you most about this?
PATIENT: I’m mostly just scared because I don’t really understand what ""Thal Trait"" means or if it’s serious. I just want to know if I need to start taking any supplements right away or if I should just wait for the HPLC test results.","PATIENT (opening): hi Doctor my blood report says Microcytic hypochromic with moderate anisopoikilocytosis, which is an outcome of my RBC peripheral smear. Whereas WBC and Platelets seems normal and adequate respectively on reports. Report advice is HPLC to rule out Thal Trait. Kindly explain this and suggest a way ahead.
CLINICIAN: How long has this been happening, and has it changed since it started?
PATIENT: I'm not sure how long it's been happening, to be honest. I've been feeling a bit tired lately, but I thought it was just because of my busy schedule. I only found out about this when I got my blood test results. I haven't noticed any major changes, just this persistent fatigue.
CLINICIAN: Do you have any other symptoms, medical conditions, or medications that might be relevant?
PATIENT: I don't have any major medical conditions that I know of. I do take a multivitamin every day, but that's about it. I've been feeling a bit more tired than usual, and sometimes I get these weird cravings for ice or weird things like that. I don't know if that's related, though. I haven't had any other noticeable symptoms. I'm a bit worried, to be honest. I hope it's nothing serious.
CLINICIAN: Is there anything else important that I should know, and what worries you most about this?
PATIENT: I've been trying to eat healthily, but I don't know if my diet is good enough. I've been a bit stressed lately with work, so maybe that's why I'm feeling tired all the time. I'm most worried about what this could mean for my health. I hope it's not something serious. I just want to know what's going on and how to fix it. I've never had anything like this before, so it's a bit scary.",,,,,,,,,,
chatdoctor-hcm-108506,I had a brain anyurism in 1993. I used to have severe migrains then after the anyurism I had no more.I am now experiencing some shooting pains off and on in my head and severe memory problems I forget what Im trying to save and that happens daily .Had a spell the other day and I couldn t speak at all. Do these symtoms tell of maybe another anyurism or brain tumor that. I appricaie any help ty.,"Hello Brain tumor may present in various ways. It may present as headache, seizure(generalized or focal) etc. You may need detail neurological examination and investigations. Investigation include CT scan of brain, EEG etc. MRI can be done if needed. Contrast CT scan or MRI should be done as you have history of brain aneurysm. I advise consulting neurologist for detail evaluation. Get well soon. Take Care Chat Doctor.","PATIENT (opening): I had a brain anyurism in 1993. I used to have severe migrains then after the anyurism I had no more.I am now experiencing some shooting pains off and on in my head and severe memory problems I forget what Im trying to save and that happens daily .Had a spell the other day and I couldn t speak at all. Do these symtoms tell of maybe another anyurism or brain tumor that. I appricaie any help ty.
CLINICIAN: How long has this been happening, and has it changed since it started?
PATIENT: It's been happening for a few months now. The shooting pains come and go, but the memory problems are getting worse, I think. It's really frustrating, I'll be in the middle of doing something and just blank out on what I was supposed to do next. It's like my brain just hits a wall sometimes.
CLINICIAN: Do you have any other symptoms, medical conditions, or medications that might be relevant?
PATIENT: I've been feeling a bit more tired than usual, but I thought that was just because I'm not sleeping well. I've always had high blood pressure, but it's been under control with medication. I'm not sure if that's relevant, though. I take lisinopril for my blood pressure and sometimes ibuprofen for the headaches, but not too often. I don't think I have any other symptoms, but it's hard to say. I've just been feeling... off.
CLINICIAN: Is there anything else important that I should know, and what worries you most about this?
PATIENT: I guess I should mention that I've been a bit more forgetful with words lately. Like, I'll be talking to someone and just draw a blank on a simple word. It's happened a few times now. What worries me the most is that it could be something serious, like another aneurysm or a brain tumor. I don't want to jump to conclusions, but I can't help but think about it. I just want to know what's going on, you know? It's scary not knowing.","PATIENT (opening): I had a brain anyurism in 1993. I used to have severe migrains then after the anyurism I had no more.I am now experiencing some shooting pains off and on in my head and severe memory problems I forget what Im trying to save and that happens daily .Had a spell the other day and I couldn t speak at all. Do these symtoms tell of maybe another anyurism or brain tumor that. I appricaie any help ty.
CLINICIAN: How long has this been happening, and has it changed since it started?
PATIENT: It’s been going on for a few weeks now, maybe a month? It’s definitely getting worse. The memory stuff is daily, but the shooting pains come and go. I’m really worried because I haven’t had headaches like this since the aneurysm.
CLINICIAN: Do you have any other symptoms, medical conditions, or medications that might be relevant?
PATIENT: I don't take any regular meds, just maybe some ibuprofen if the pain gets bad. I don't have any other big health issues that I know of, just the history with the aneurysm. I'm just really scared it's something serious like a tumor.
CLINICIAN: Is there anything else important that I should know, and what worries you most about this?
PATIENT: The thing that scares me the most is that spell where I couldn't speak. It lasted maybe a minute or two, but I was so confused and scared. I just don't know if it's my heart, my brain, or what. I'm really worried I'm losing my mind or having another stroke.",,,,,,,,,,
chatdoctor-hcm-109261,"Hello.Im 23, female. 60, 250lbs. Im allergic to nothing. Ive had my gallbladder and tonsils removed but other than that Im fairly healthy.I am taking Femara this month for fertility. My worst fear is developing HOS (Hyper-ovulation Syndrome). Today I am suppose to be ovulating and Im having constipation and mild rectal pain. No swelling that I can tell. Just uncomfy, and Im obviously nervous. Nobody ever mentioned pain in my backbone while on Fertility drugs so Im a little unnerved.","Hello, Welcome to Chat Doctor. Thanks for writing. I am Chat Doctor.  I have read you question completely, I understand your concern and will try to help you in the best way possible. There is just no reason to worry about its NT related constipation might be because of food and rectal pain may be because of constipation just take Luke warm milk and put 1 teaspoon of olive oil in it, you will see the miracle it will go also DNT take stress you are on treatment and thy usually work nothing to work about the less you worry, the more favorable it will be for u and your family it will help u incisive and DNT work u will NT he hos doc has prescribed desired dose ....you will be fine eat healthy and","PATIENT (opening): Hello.Im 23, female. 60, 250lbs. Im allergic to nothing. Ive had my gallbladder and tonsils removed but other than that Im fairly healthy.I am taking Femara this month for fertility. My worst fear is developing HOS (Hyper-ovulation Syndrome). Today I am suppose to be ovulating and Im having constipation and mild rectal pain. No swelling that I can tell. Just uncomfy, and Im obviously nervous. Nobody ever mentioned pain in my backbone while on Fertility drugs so Im a little unnerved.
CLINICIAN: How long has this been happening, and has it changed since it started?
PATIENT: It started maybe two days ago? It’s been pretty consistent, just that uncomfortable feeling in my lower back and the constipation. It hasn’t really gotten worse, just hasn’t gone away either, which is why I’m getting more worried as ovulation day approaches.
CLINICIAN: Do you have any other symptoms, medical conditions, or medications that might be relevant?
PATIENT: I don't have any other major conditions, just the gallbladder and tonsil removals I mentioned. As for meds, it's just the Femara. I haven't started any other supplements or painkillers yet, just trying to push through it naturally so far.
CLINICIAN: Is there anything else important that I should know, and what worries you most about this?
PATIENT: I guess the biggest worry is that I’m misreading the signs and it’s actually something serious like OHSS, even though I don’t have the swelling. I just want to make sure I’m not ignoring a red flag while trying to get pregnant.","PATIENT (opening): Hello.Im 23, female. 60, 250lbs. Im allergic to nothing. Ive had my gallbladder and tonsils removed but other than that Im fairly healthy.I am taking Femara this month for fertility. My worst fear is developing HOS (Hyper-ovulation Syndrome). Today I am suppose to be ovulating and Im having constipation and mild rectal pain. No swelling that I can tell. Just uncomfy, and Im obviously nervous. Nobody ever mentioned pain in my backbone while on Fertility drugs so Im a little unnerved.
CLINICIAN: How long has this been happening, and has it changed since it started?
PATIENT: It started yesterday afternoon. I thought it was just because I was a bit nervous about ovulating, but it's still there today. The constipation is the worst, but the rectal pain comes and goes. I haven't noticed any changes since it started, just that it's still there. I've been trying to push through it, but it's a bit uncomfortable. I've never had this before, so I'm not sure what to make of it. I've been trying to stay calm, but it's hard not to worry a bit.
CLINICIAN: Do you have any other symptoms, medical conditions, or medications that might be relevant?
PATIENT: No other medical conditions that I can think of. I'm not on any other medications besides the Femara. I've been trying to eat a bit healthier since I started the fertility treatment, but I don't think I've changed anything too drastically. I've been a bit more stressed than usual, but that's to be expected with all of this, right? I've been trying to stay positive and not let it get to me too much. I've been drinking plenty of water, but the constipation is still there. I've been trying to stay active, but the discomfort makes it a bit hard sometimes. I've been trying to take it easy and listen to my body. I've been trying to stay calm, but it's hard not to worry a bit. I've been trying
CLINICIAN: Is there anything else important that I should know, and what worries you most about this?
PATIENT: I guess the only other thing is that I've had a bit of a headache since yesterday, but it's not too bad. I think it might be from the stress and discomfort. What worries me the most is that I've never experienced anything like this before, and I'm not sure if it's normal or not. I've been trying to stay calm and not let my imagination run wild, but it's hard not to worry when you're going through fertility treatments. I've been trying to stay positive and focus on the end goal, but it's hard not to let the little things get to me sometimes. I've been trying to stay calm, but it's hard not to worry a bit. I've been trying to take it easy and listen to my body.",,,,,,,,,,
